tile_id,source,CWNS_ID,TRI_FACILITY_ID,ll_uuid_primary,ll_uuid_alternates,st,geoid,tile_row,tile_col,ctr_lon,ctr_lat,bbox_xmin,bbox_ymin,bbox_xmax,bbox_ymax,source_res_m,target_res_m,image_px,acq_date,rgb_path,ndwi_path,label
17000281001_6fcc5c83-3169-4bd4-930e-143ad9895c1e_r01_c01,reconstructed,17000281001,,6fcc5c83-3169-4bd4-930e-143ad9895c1e,,IL,,1,1,-89.77671025307554,38.90750952275321,-89.77794791015565,38.90656085708594,-89.77547256772567,38.90845817903623,,0.6,333,,,,
18000017001_3c2f9ef9-c518-4035-ba31-e048d16ca9c3_r01_c05,reconstructed,18000017001,,3c2f9ef9-c518-4035-ba31-e048d16ca9c3,,IN,,1,5,-86.06265433577165,39.934494770877045,-86.06395174318902,39.93351403110813,-86.06135689965826,39.93547550230287,,0.6,333,,,,
13000000715_facaf8fa-14f6-49cb-93e9-5b5a80f5bf05_r03_c02,reconstructed,13000000715,,facaf8fa-14f6-49cb-93e9-5b5a80f5bf05,,GA,,3,2,-84.90819279129191,33.296995285213534,-84.90939213561693,33.29600143099975,-84.90699342304804,33.2979891301649,,0.6,333,,,,
55007720002_d2ab458b-8a29-45e7-a98c-a27e80e26d44_r04_c01,reconstructed,55007720002,,d2ab458b-8a29-45e7-a98c-a27e80e26d44,,WI,,4,1,-88.73681214663065,43.174584109729004,-88.73813924696178,43.17362293480922,-88.73548501450678,43.17554527626318,,0.6,333,,,,
55002850001_470e941c-6220-4590-a16d-36b4f8a1017a_r01_c02,reconstructed,55002850001,,470e941c-6220-4590-a16d-36b4f8a1017a,,WI,,1,2,-88.87630903978955,44.67184546152387,-88.87766390063386,44.67088275203599,-88.8749541457099,44.67280816290277,,0.6,333,,,,
55007720002_d2ab458b-8a29-45e7-a98c-a27e80e26d44_r02_c01,reconstructed,55007720002,,d2ab458b-8a29-45e7-a98c-a27e80e26d44,,WI,,2,1,-88.73706512431703,43.172191403306,-88.73839217548557,43.17123023428745,-88.73573804135793,43.17315256393831,,0.6,333,,,,
18000017001_3c2f9ef9-c518-4035-ba31-e048d16ca9c3_r03_c05,reconstructed,18000017001,,3c2f9ef9-c518-4035-ba31-e048d16ca9c3,,IN,,3,5,-86.06232406528721,39.936873496266614,-86.06362151931908,39.93589275266311,-86.06102658255746,39.93785423152747,,0.6,333,,,,
05000512001_d7e0d1fb-7513-4b79-b8f9-c40a0e10d01e_r01_c01,reconstructed,05000512001,,d7e0d1fb-7513-4b79-b8f9-c40a0e10d01e,,AR,,1,1,-91.98010403777522,35.00544540807057,-91.98125459847488,35.00451464174351,-91.978953451478,35.00637616401472,,0.6,333,,,,
06002127001_b1d49e85-8b4f-4d6d-b704-2212aa5920b4_r01_c01,reconstructed,06002127001,,b1d49e85-8b4f-4d6d-b704-2212aa5920b4,,CA,,1,1,-122.36097652272247,38.39377551863366,-122.36240471582349,38.39267313856387,-122.35954835352058,38.39487789353122,,0.6,333,,,,
12000092002_7df14ceb-5ea1-4171-b383-f8d986a38bdb_r06_c05,reconstructed,12000092002,,7df14ceb-5ea1-4171-b383-f8d986a38bdb,,FL,,6,5,-80.63661460768378,28.317207359522964,-80.63778184957702,28.31616868692342,-80.635447345158,28.31824602269436,,0.6,333,,,,
55003620001_39b6459f-0dae-442e-bf38-7c2685c27358_r02_c01,reconstructed,55003620001,,39b6459f-0dae-442e-bf38-7c2685c27358,,WI,,2,1,-88.56121064539902,44.02033416564468,-88.5625563706582,44.019370020933025,-88.55986488757048,44.021298302194175,,0.6,333,,,,
12000099007_7f77e6e0-ef02-4db8-bdf4-f7b6daa26fd4_r02_c03,reconstructed,12000099007,,7f77e6e0-ef02-4db8-bdf4-f7b6daa26fd4,,FL,,2,3,-80.70353919774612,28.422346178737644,-80.70470730034803,28.42130831701267,-80.70237107445054,28.42338403104425,,0.6,333,,,,
12000094001_a8daeab4-82d2-4ed7-80c1-c1473002b158_r02_c01,reconstructed,12000094001,,a8daeab4-82d2-4ed7-80c1-c1473002b158,,FL,,2,1,-80.72358331440347,28.329205434827024,-80.72474995269046,28.328167479187346,-80.72241665546548,28.330243381027774,,0.6,333,,,,
12000092002_7df14ceb-5ea1-4171-b383-f8d986a38bdb_r05_c02,reconstructed,12000092002,,7df14ceb-5ea1-4171-b383-f8d986a38bdb,,FL,,5,2,-80.64086829337897,28.316596093772198,-80.64203548923945,28.315557452965233,-80.63970107688566,28.317634725150356,,0.6,333,,,,
17000639001_35b8ae17-8939-4e69-9176-da12504a4cdb_r01_c02,reconstructed,17000639001,,35b8ae17-8939-4e69-9176-da12504a4cdb,,IL,,1,2,-88.28438084522332,42.013096905893455,-88.28569121849513,42.01213337738437,-88.28307044125256,42.01406042590864,,0.6,333,,,,
13000000715_facaf8fa-14f6-49cb-93e9-5b5a80f5bf05_r11_c12,reconstructed,13000000715,,facaf8fa-14f6-49cb-93e9-5b5a80f5bf05,,GA,,11,12,-84.89245710840763,33.305132555220794,-84.89365673358411,33.30413858271956,-84.89125745930924,33.306126518463905,,0.6,333,,,,
18000006001_a0dd987e-cdea-46c7-ab9c-56441dc5393a_r01_c01,reconstructed,18000006001,,a0dd987e-cdea-46c7-ab9c-56441dc5393a,,IN,,1,1,-86.27055282456516,39.9455565063457,-86.27184812919928,39.94457750182964,-86.26925749119981,39.94653550247162,,0.6,333,,,,
55002880001_06de6278-2bb6-47fa-b66d-d060cc47eae6_r02_c04,reconstructed,55002880001,,06de6278-2bb6-47fa-b66d-d060cc47eae6,,WI,,2,4,-90.13033290002718,44.635621736948785,-90.13167154448568,44.63467011544606,-90.12899422224822,44.63657334997623,,0.6,333,,,,
13000000715_facaf8fa-14f6-49cb-93e9-5b5a80f5bf05_r01_c16,reconstructed,13000000715,,facaf8fa-14f6-49cb-93e9-5b5a80f5bf05,,GA,,1,16,-84.88839249820873,33.29265293189065,-84.8895919738084,33.29165890783015,-84.88719299869524,33.29364694669168,,0.6,333,,,,
13000000715_facaf8fa-14f6-49cb-93e9-5b5a80f5bf05_r03_c08,reconstructed,13000000715,,facaf8fa-14f6-49cb-93e9-5b5a80f5bf05,,GA,,3,8,-84.89956201087215,33.2961564032341,-84.90076142847818,33.295162476500465,-84.89836256934883,33.2971503207068,,0.6,333,,,,
19000178001_ddc9f7ae-89e8-4a07-8e2b-716862d6f220_r02_c01,reconstructed,19000178001,,ddc9f7ae-89e8-4a07-8e2b-716862d6f220,,IA,,2,1,-92.86353304335026,42.21935016182157,-92.86479199303558,42.21842694465086,-92.8622740624405,42.22027336934394,,0.6,333,,,,
19000178001_ddc9f7ae-89e8-4a07-8e2b-716862d6f220_r02_c02,reconstructed,19000178001,,ddc9f7ae-89e8-4a07-8e2b-716862d6f220,,IA,,2,2,-92.86189994888615,42.219310612823584,-92.8631589181086,42.218387380848256,-92.8606409484394,42.22023383515108,,0.6,333,,,,
55003830001_a03f790e-3473-4cf0-b8be-acbc814b7b93_r03_c01,reconstructed,55003830001,,a03f790e-3473-4cf0-b8be-acbc814b7b93,,WI,,3,1,-89.43791424368095,43.53158976648796,-89.43923978337295,43.53063412636756,-89.43658867179437,43.53254539810358,,0.6,333,,,,
18000851001_11ebb651-bd30-41fb-aee2-c982a1358752_r01_c02,reconstructed,18000851001,,11ebb651-bd30-41fb-aee2-c982a1358752,,IN,,1,2,-87.56961243035357,37.952368577184814,-87.57085861704131,37.95140083158583,-87.5683662163213,37.953336313746476,,0.6,333,,,,
12000222001_e4858352-0b91-4b2d-a552-6aeb6ade98fa_r03_c01,reconstructed,12000222001,,e4858352-0b91-4b2d-a552-6aeb6ade98fa,,FL,,3,1,-81.14144220399233,29.473299448095126,-81.14262110813846,29.47226773366809,-81.14026327856257,29.47433115323267,,0.6,333,,,,
12000092002_7df14ceb-5ea1-4171-b383-f8d986a38bdb_r02_c07,reconstructed,12000092002,,7df14ceb-5ea1-4171-b383-f8d986a38bdb,,FL,,2,7,-80.63480239502722,28.31203036642251,-80.63596958148332,28.31099166549865,-80.63363518794138,28.313069057917556,,0.6,333,,,,
16000032001_7eadb1dd-f7f4-4ea6-96c9-b79aa716a3fe_r01_c02,reconstructed,16000032001,,7eadb1dd-f7f4-4ea6-96c9-b79aa716a3fe,,ID,,1,2,-116.63947299080924,43.697398296542055,-116.64095796646774,43.69633001271292,-116.63798804477959,43.698466575639365,,0.6,333,,,,
13000000715_facaf8fa-14f6-49cb-93e9-5b5a80f5bf05_r02_c03,reconstructed,13000000715,,facaf8fa-14f6-49cb-93e9-5b5a80f5bf05,,GA,,2,3,-84.90692299273786,33.295663518457104,-84.90812232944242,33.29466965183169,-84.90572363211541,33.29665737582009,,0.6,333,,,,
12000092002_7df14ceb-5ea1-4171-b383-f8d986a38bdb_r05_c01,reconstructed,12000092002,,7df14ceb-5ea1-4171-b383-f8d986a38bdb,,FL,,5,1,-80.64221309581639,28.316791190608935,-80.64338028248326,28.315752560908948,-80.64104588851637,28.317829810879832,,0.6,333,,,,
13000000715_facaf8fa-14f6-49cb-93e9-5b5a80f5bf05_r01_c03,reconstructed,13000000715,,facaf8fa-14f6-49cb-93e9-5b5a80f5bf05,,GA,,1,3,-84.90709166524914,33.29447151787771,-84.90829098211877,33.29347765092752,-84.90589232446234,33.29546537556531,,0.6,333,,,,
18000018001_23de8dca-28c8-4832-b89c-e58185a13419_r01_c01,reconstructed,18000018001,,23de8dca-28c8-4832-b89c-e58185a13419,,IN,,1,1,-86.02164640223988,40.03985468134297,-86.0229461692875,40.03887354953432,-86.02034660641716,40.04083580483842,,0.6,333,,,,
13000000715_facaf8fa-14f6-49cb-93e9-5b5a80f5bf05_r02_c07,reconstructed,13000000715,,facaf8fa-14f6-49cb-93e9-5b5a80f5bf05,,GA,,2,7,-84.90116922501592,33.29510427130206,-84.90236861057326,33.294110356330464,-84.89996981554171,33.29609817701226,,0.6,333,,,,
13000000715_facaf8fa-14f6-49cb-93e9-5b5a80f5bf05_r09_c15,reconstructed,13000000715,,facaf8fa-14f6-49cb-93e9-5b5a80f5bf05,,GA,,9,15,-84.88847928042509,33.30232869147999,-84.88967890254483,33.301334682082,-84.88727963438562,33.303322691620174,,0.6,333,,,,
55004237001_5d035519-8ab7-480d-a1e9-ebae223dc7d6_r01_c01,reconstructed,55004237001,,5d035519-8ab7-480d-a1e9-ebae223dc7d6,,WI,,1,1,-87.92697073587419,44.01450207895875,-87.92832399009554,44.01353246826726,-87.92561744916058,44.01547168166299,,0.6,333,,,,
55003190001_91892799-8e82-4568-a6fc-f2105d202739_r01_c01,reconstructed,55003190001,,91892799-8e82-4568-a6fc-f2105d202739,,WI,,1,1,-90.23630078059786,46.4336620105828,-90.23767458892019,46.432706905015635,-90.23492693710257,46.43461710804123,,0.6,333,,,,
12000092002_7df14ceb-5ea1-4171-b383-f8d986a38bdb_r02_c06,reconstructed,12000092002,,7df14ceb-5ea1-4171-b383-f8d986a38bdb,,FL,,2,6,-80.63614711086622,28.312225541973806,-80.63731428813209,28.31118685215595,-80.63497991297032,28.313264222362665,,0.6,333,,,,
13000000715_facaf8fa-14f6-49cb-93e9-5b5a80f5bf05_r01_c04,reconstructed,13000000715,,facaf8fa-14f6-49cb-93e9-5b5a80f5bf05,,GA,,1,4,-84.90565323713076,33.29433173506907,-84.90685256621425,33.293337856032046,-84.90445388413036,33.295325604843704,,0.6,333,,,,
55002560001_564258cc-9378-4aa7-bd07-42e8bc8e59c8_r01_c01,reconstructed,55002560001,,564258cc-9378-4aa7-bd07-42e8bc8e59c8,,WI,,1,1,-90.71293120773704,42.83712881022535,-90.71422799300288,42.836185477685255,-90.71163439081359,42.838072133786305,,0.6,333,,,,
13000000715_facaf8fa-14f6-49cb-93e9-5b5a80f5bf05_r02_c14,reconstructed,13000000715,,facaf8fa-14f6-49cb-93e9-5b5a80f5bf05,,GA,,2,14,-84.89110032821428,33.294124893070794,-84.89229979923923,33.293130893502315,-84.88990083327425,33.29511888337955,,0.6,333,,,,
13000000715_facaf8fa-14f6-49cb-93e9-5b5a80f5bf05_r02_c12,reconstructed,13000000715,,facaf8fa-14f6-49cb-93e9-5b5a80f5bf05,,GA,,2,12,-84.89397713031542,33.294404805773304,-84.89517657692429,33.29341083037415,-84.892777659791,33.29539877191213,,0.6,333,,,,
13000000717_f4dc400d-efcb-4dcd-a487-47c1bbfc48df_r02_c02,reconstructed,13000000717,,f4dc400d-efcb-4dcd-a487-47c1bbfc48df,,GA,,2,2,-84.62513457114991,33.34030540875706,-84.62633739422755,33.339309282414824,-84.62393172416145,33.34130152589641,,0.6,333,,,,
13000000715_facaf8fa-14f6-49cb-93e9-5b5a80f5bf05_r02_c11,reconstructed,13000000715,,facaf8fa-14f6-49cb-93e9-5b5a80f5bf05,,GA,,2,11,-84.8954155390342,33.294544735019485,-84.89661497343404,33.293550771705384,-84.89421608071852,33.29553868907312,,0.6,333,,,,
13000000715_facaf8fa-14f6-49cb-93e9-5b5a80f5bf05_r03_c05,reconstructed,13000000715,,facaf8fa-14f6-49cb-93e9-5b5a80f5bf05,,GA,,3,5,-84.90387737809723,33.29657592554275,-84.90507675906565,33.295582035067994,-84.90267797321076,33.29756980675582,,0.6,333,,,,
12000128001_614801ea-69ab-4b98-b80f-ac5b28b9b76c_r04_c01,reconstructed,12000128001,,614801ea-69ab-4b98-b80f-ac5b28b9b76c,,FL,,4,1,-82.49101662558668,27.437081828857412,-82.49215541861555,27.436055490381207,-82.48987781209881,27.438108157467312,,0.6,333,,,,
12000092002_7df14ceb-5ea1-4171-b383-f8d986a38bdb_r02_c02,reconstructed,12000092002,,7df14ceb-5ea1-4171-b383-f8d986a38bdb,,FL,,2,2,-80.64152603628263,28.31300607385223,-80.64269317678188,28.311967428460292,-80.64035887515217,28.314044709814503,,0.6,333,,,,
12000097002_3fc6c740-e797-4828-926c-b32aa33f8be4_r04_c03,reconstructed,12000097002,,3fc6c740-e797-4828-926c-b32aa33f8be4,,FL,,4,3,-80.85707644900971,28.547570204458513,-80.85824492326964,28.546533887261234,-80.8559079539723,28.54860651223774,,0.6,333,,,,
17000284001_0fe341cb-176a-450a-b683-8e1936e7b0e6_r01_c01,reconstructed,17000284001,,0fe341cb-176a-450a-b683-8e1936e7b0e6,,IL,,1,1,-89.86916087886048,38.725198093674955,-89.87039439223497,38.72425025514059,-89.86792733735007,38.726145922776446,,0.6,333,,,,
16000127001_3985cd37-75d2-47be-a776-a067ce65f2ca_r02_c01,reconstructed,16000127001,,3985cd37-75d2-47be-a776-a067ce65f2ca,,ID,,2,1,-113.78253296376992,42.548982469991536,-113.7839646980971,42.54793708436519,-113.78110125884689,42.550027849803975,,0.6,333,,,,
17000286001_edd091b7-b294-4988-b21f-81c5674e34fe_r01_c01,reconstructed,17000286001,,edd091b7-b294-4988-b21f-81c5674e34fe,,IL,,1,1,-90.03734129850574,38.80110968941587,-90.03857417353098,38.800163320114926,-90.03610839527322,38.80205604925673,,0.6,333,,,,
56000001001_7fbddcc5-8838-44fe-a305-8dc95609fcad_r02_c01,reconstructed,56000001001,,7fbddcc5-8838-44fe-a305-8dc95609fcad,,WY,,2,1,-106.29582790884778,42.86264808453532,-106.29718453438834,42.86166157288387,-106.29447131443995,42.86363458854121,,0.6,333,,,,
13000000715_facaf8fa-14f6-49cb-93e9-5b5a80f5bf05_r02_c19,reconstructed,13000000715,,facaf8fa-14f6-49cb-93e9-5b5a80f5bf05,,GA,,2,19,-84.88390841245321,33.29342479509321,-84.88510794450714,33.292430735105405,-84.88270885648551,33.2944188458224,,0.6,333,,,,
18000851001_11ebb651-bd30-41fb-aee2-c982a1358752_r03_c02,reconstructed,18000851001,,11ebb651-bd30-41fb-aee2-c982a1358752,,IN,,3,2,-87.56933963002001,37.95475028532922,-87.57058585992007,37.953782537785735,-87.56809337277369,37.95571802383573,,0.6,333,,,,
12000099007_7f77e6e0-ef02-4db8-bdf4-f7b6daa26fd4_r01_c03,reconstructed,12000099007,,7f77e6e0-ef02-4db8-bdf4-f7b6daa26fd4,,FL,,1,3,-80.70375783815187,28.421149710887452,-80.70492592226539,28.42011184766244,-80.70258973334522,28.42218756469383,,0.6,333,,,,
21000359001_25aea503-0612-4557-9c5d-ad051f4e837f_r04_c02,reconstructed,21000359001,,25aea503-0612-4557-9c5d-ad051f4e837f,,KY,,4,2,-87.92846738889698,37.76956732113604,-87.92970656024731,37.76860260575523,-87.92722819030101,37.7705320273708,,0.6,333,,,,
13000000715_facaf8fa-14f6-49cb-93e9-5b5a80f5bf05_r06_c08,reconstructed,13000000715,,facaf8fa-14f6-49cb-93e9-5b5a80f5bf05,,GA,,6,8,-84.89905562526265,33.29973235607368,-84.90025510238377,33.29873843030943,-84.89785612422214,33.30072627257763,,0.6,333,,,,
18000017001_3c2f9ef9-c518-4035-ba31-e048d16ca9c3_r03_c02,reconstructed,18000017001,,3c2f9ef9-c518-4035-ba31-e048d16ca9c3,,IN,,3,2,-86.06704449065059,39.93724789081277,-86.0683418992384,39.93626718650114,-86.06574705336398,39.93822858678078,,0.6,333,,,,
13000000715_facaf8fa-14f6-49cb-93e9-5b5a80f5bf05_r10_c15,reconstructed,13000000715,,facaf8fa-14f6-49cb-93e9-5b5a80f5bf05,,GA,,10,15,-84.88831030933545,33.30352065108591,-84.88950995129888,33.302526642008395,-84.88711064345162,33.30451465090575,,0.6,333,,,,
12000092002_7df14ceb-5ea1-4171-b383-f8d986a38bdb_r05_c07,reconstructed,12000092002,,7df14ceb-5ea1-4171-b383-f8d986a38bdb,,FL,,5,7,-80.6341443742819,28.315620354088896,-80.63531161610183,28.3145816577495,-80.63297711183056,28.316659041000218,,0.6,333,,,,
55003415001_6f5c4493-c8dc-4e30-a739-1d63dbd5e11f_r01_c02,reconstructed,55003415001,,6f5c4493-c8dc-4e30-a739-1d63dbd5e11f,,WI,,1,2,-88.47060997738888,44.565699673645355,-88.47196766740008,44.56473366181908,-88.46925225429055,44.566665677454544,,0.6,333,,,,
55003640001_a26babbe-3a97-4b1b-a57e-ab18107de88d_r02_c01,reconstructed,55003640001,,a26babbe-3a97-4b1b-a57e-ab18107de88d,,WI,,2,1,-90.63503488694445,44.92807682523843,-90.63637302217387,44.927129056919114,-90.63369671806187,44.929024584997244,,0.6,333,,,,
17000270001_693d084c-1fdf-4d4d-9bf5-b4e8fb5154b8_r01_c02,reconstructed,17000270001,,693d084c-1fdf-4d4d-9bf5-b4e8fb5154b8,,IL,,1,2,-90.13100334140344,38.8733436529994,-90.1322363653253,38.87239809926278,-90.12977028921138,38.874289197265114,,0.6,333,,,,
13000000717_f4dc400d-efcb-4dcd-a487-47c1bbfc48df_r02_c01,reconstructed,13000000717,,f4dc400d-efcb-4dcd-a487-47c1bbfc48df,,GA,,2,1,-84.626573335066,33.34044869997443,-84.62777614603294,33.339452585680455,-84.62537050018797,33.34144480506534,,0.6,333,,,,
18000851001_11ebb651-bd30-41fb-aee2-c982a1358752_r02_c01,reconstructed,18000851001,,11ebb651-bd30-41fb-aee2-c982a1358752,,IN,,2,1,-87.5710095718567,37.95366534211869,-87.57225576511352,37.9526976086298,-87.56976335125427,37.95463306657012,,0.6,333,,,,
55003796001_bd3e83ca-ecf8-4126-a684-8d50c82aa7ba_r01_c04,reconstructed,55003796001,,bd3e83ca-ecf8-4126-a684-8d50c82aa7ba,,WI,,1,4,-89.60060277242968,44.457806461248445,-89.6019444567264,44.45685053508653,-89.59926105503517,44.458762379049055,,0.6,333,,,,
20000199001_0b26cdcd-b8bd-4115-90ee-583841cb47ff_r01_c01,reconstructed,20000199001,,0b26cdcd-b8bd-4115-90ee-583841cb47ff,,KS,,1,1,-98.04714438551241,37.128812563189406,-98.04830486145508,37.12790112530329,-98.04598393671539,37.12972399052472,,0.6,333,,,,
55003190001_91892799-8e82-4568-a6fc-f2105d202739_r02_c01,reconstructed,55003190001,,91892799-8e82-4568-a6fc-f2105d202739,,WI,,2,1,-90.23619539020402,46.434868581313424,-90.2375692249647,46.43391347137484,-90.23482152026908,46.43582368314361,,0.6,333,,,,
19000328001_badcc943-52c2-4988-8e9b-1062f66f8423_r02_c01,reconstructed,19000328001,,badcc943-52c2-4988-8e9b-1062f66f8423,,IA,,2,1,-95.77298573385467,41.01098017382135,-95.77418717349966,41.01008496403805,-95.77178426397576,41.011875373054366,,0.6,333,,,,
12000222001_e4858352-0b91-4b2d-a552-6aeb6ade98fa_r02_c03,reconstructed,12000222001,,e4858352-0b91-4b2d-a552-6aeb6ade98fa,,FL,,2,3,-81.13892811124632,29.471728668403593,-81.14010701582058,29.470696930290504,-81.13774918538961,29.472760397227347,,0.6,333,,,,
17001101001_20efd6e6-e103-4ef2-bbe2-1a38945ff335_r01_c02,reconstructed,17001101001,,20efd6e6-e103-4ef2-bbe2-1a38945ff335,,IL,,1,2,-89.92411129062353,41.67419423504288,-89.92539603039728,41.673245331403784,-89.92282652029279,41.675143129706676,,0.6,333,,,,
12000092002_7df14ceb-5ea1-4171-b383-f8d986a38bdb_r03_c05,reconstructed,12000092002,,7df14ceb-5ea1-4171-b383-f8d986a38bdb,,FL,,3,5,-80.63727253591446,28.313617371546925,-80.63843972244324,28.312578694363914,-80.63610532875484,28.31465603930114,,0.6,333,,,,
13000000715_facaf8fa-14f6-49cb-93e9-5b5a80f5bf05_r06_c20,reconstructed,13000000715,,facaf8fa-14f6-49cb-93e9-5b5a80f5bf05,,GA,,6,20,-84.88179384338878,33.298052572940385,-84.88299346701308,33.29705850215846,-84.88059419584815,33.29904663446497,,0.6,333,,,,
18000707001_741912b7-51e6-4e1b-982b-53dc609ef0eb_r01_c01,reconstructed,18000707001,,741912b7-51e6-4e1b-982b-53dc609ef0eb,,IN,,1,1,-85.85681288381436,40.07078607970649,-85.85811503495759,40.06980355694245,-85.85551070389265,40.07176859420224,,0.6,333,,,,
18000851001_11ebb651-bd30-41fb-aee2-c982a1358752_r02_c02,reconstructed,18000851001,,11ebb651-bd30-41fb-aee2-c982a1358752,,IN,,2,2,-87.56947603238785,37.9535594314498,-87.57072224068139,37.952591684878776,-87.56822979674892,37.95452716898359,,0.6,333,,,,
12000092101_aab48b79-fddf-4918-adda-5325b3061dc9_r01_c01,reconstructed,12000092101,,aab48b79-fddf-4918-adda-5325b3061dc9,,FL,,1,1,-80.78308539045585,28.48055981224664,-80.78425359350321,28.47952273311372,-80.7819171666747,28.48159688196017,,0.6,333,,,,
13000000715_facaf8fa-14f6-49cb-93e9-5b5a80f5bf05_r02_c06,reconstructed,13000000715,,facaf8fa-14f6-49cb-93e9-5b5a80f5bf05,,GA,,2,6,-84.90260765928483,33.29524411019673,-84.90380703262994,33.29425020731132,-84.9014082620226,33.296238003820456,,0.6,333,,,,
19000246001_b7fc2c4c-2baf-4cad-839a-7911c93cb44b_r01_c01,reconstructed,19000246001,,b7fc2c4c-2baf-4cad-839a-7911c93cb44b,,IA,,1,1,-91.5550765712508,42.58492919747275,-91.55635834944734,42.583993718047,-91.55379476156912,42.58586466765216,,0.6,333,,,,
18000017001_3c2f9ef9-c518-4035-ba31-e048d16ca9c3_r01_c02,reconstructed,18000017001,,3c2f9ef9-c518-4035-ba31-e048d16ca9c3,,IN,,1,2,-86.06737460654782,39.9348691526159,-86.06867196852367,39.93388845213791,-86.06607721587505,39.93584984474965,,0.6,333,,,,
13000000715_facaf8fa-14f6-49cb-93e9-5b5a80f5bf05_r03_c01,reconstructed,13000000715,,facaf8fa-14f6-49cb-93e9-5b5a80f5bf05,,GA,,3,1,-84.9096312725693,33.297135035628344,-84.91083060467858,33.296141193502045,-84.90843191654093,33.29812886849201,,0.6,333,,,,
12000092002_7df14ceb-5ea1-4171-b383-f8d986a38bdb_r03_c07,reconstructed,12000092002,,7df14ceb-5ea1-4171-b383-f8d986a38bdb,,FL,,3,7,-80.63458306098616,28.313227033176215,-80.63575026589632,28.31218833378091,-80.63341583544572,28.314265723142952,,0.6,333,,,,
55003830001_a03f790e-3473-4cf0-b8be-acbc814b7b93_r01_c01,reconstructed,55003830001,,a03f790e-3473-4cf0-b8be-acbc814b7b93,,WI,,1,1,-89.43814403430402,43.529194336438195,-89.43946952486229,43.52823870233624,-89.43681851155341,43.53014996203488,,0.6,333,,,,
55002880001_06de6278-2bb6-47fa-b66d-d060cc47eae6_r02_c01,reconstructed,55002880001,,06de6278-2bb6-47fa-b66d-d060cc47eae6,,WI,,2,1,-90.13540091404882,44.63584444284575,-90.1367394998442,44.63489286571569,-90.13406229493229,44.63679601149914,,0.6,333,,,,
20000179001_952a1d70-4666-4e8b-ba8e-2c891475c974_r01_c01,reconstructed,20000179001,,952a1d70-4666-4e8b-ba8e-2c891475c974,,KS,,1,1,-97.42473627086486,37.92736180004385,-97.42590191498483,37.92645631011478,-97.42357065449418,37.928267279371774,,0.6,333,,,,
55002560001_564258cc-9378-4aa7-bd07-42e8bc8e59c8_r01_c02,reconstructed,55002560001,,564258cc-9378-4aa7-bd07-42e8bc8e59c8,,WI,,1,2,-90.71128516627132,42.83706211633108,-90.71258197037758,42.836118769269426,-90.70998833050761,42.83800545441392,,0.6,333,,,,
55002880001_06de6278-2bb6-47fa-b66d-d060cc47eae6_r01_c01,reconstructed,55002880001,,06de6278-2bb6-47fa-b66d-d060cc47eae6,,WI,,1,1,-90.13550529590863,44.634643540009115,-90.13684385661043,44.63369196631157,-90.13416670188688,44.63559510522971,,0.6,333,,,,
12000222001_e4858352-0b91-4b2d-a552-6aeb6ade98fa_r01_c01,reconstructed,12000222001,,e4858352-0b91-4b2d-a552-6aeb6ade98fa,,FL,,1,1,-81.14187242590485,29.470910971427596,-81.14305129231187,29.46987925458106,-81.14069353821537,29.47194267898412,,0.6,333,,,,
12000092002_7df14ceb-5ea1-4171-b383-f8d986a38bdb_r05_c04,reconstructed,12000092002,,7df14ceb-5ea1-4171-b383-f8d986a38bdb,,FL,,5,4,-80.63817870712066,28.316205848998578,-80.63934592136661,28.31516718597808,-80.63701147224243,28.31724450259056,,0.6,333,,,,
13000000715_facaf8fa-14f6-49cb-93e9-5b5a80f5bf05_r04_c20,reconstructed,13000000715,,facaf8fa-14f6-49cb-93e9-5b5a80f5bf05,,GA,,4,20,-84.88213195425303,33.295668651734275,-84.88333153819279,33.29467458030866,-84.88093234639834,33.296662713902116,,0.6,333,,,,
12000089002_7bc5293e-58c1-4c92-873f-03bf76dd61d0_r01_c01,reconstructed,12000089002,,7bc5293e-58c1-4c92-873f-03bf76dd61d0,,FL,,1,1,-85.63761141686987,30.15154892921789,-85.63875778693883,30.150555414143383,-85.63646502460143,30.15254243439303,,0.6,333,,,,
12000094001_a8daeab4-82d2-4ed7-80c1-c1473002b158_r01_c02,reconstructed,12000094001,,a8daeab4-82d2-4ed7-80c1-c1473002b158,,FL,,1,2,-80.72245626159561,28.327814572119713,-80.72362289066653,28.32677660383179,-80.72128961187451,28.328852530968565,,0.6,333,,,,
56000001001_7fbddcc5-8838-44fe-a305-8dc95609fcad_r01_c01,reconstructed,56000001001,,7fbddcc5-8838-44fe-a305-8dc95609fcad,,WY,,1,1,-106.29564958784484,42.86145583976473,-106.29700618793464,42.86046933135718,-106.29429301888672,42.86244234052647,,0.6,333,,,,
12000128001_614801ea-69ab-4b98-b80f-ac5b28b9b76c_r03_c01,reconstructed,12000128001,,614801ea-69ab-4b98-b80f-ac5b28b9b76c,,FL,,3,1,-82.49120767412445,27.435878722456156,-82.4923464494408,27.43485238206162,-82.49006887834967,27.43690505298408,,0.6,333,,,,
13000000715_facaf8fa-14f6-49cb-93e9-5b5a80f5bf05_r01_c17,reconstructed,13000000715,,facaf8fa-14f6-49cb-93e9-5b5a80f5bf05,,GA,,1,17,-84.88695413652593,33.29251291417212,-84.8881536243311,33.29151887802786,-84.88575462480719,33.29350694105714,,0.6,333,,,,
20000174001_a924c559-ed35-4a1e-be41-ffda45194271_r01_c02,reconstructed,20000174001,,a924c559-ed35-4a1e-be41-ffda45194271,,KS,,1,2,-98.42586278537641,37.649927200191875,-98.42703587266318,37.64901244939007,-98.42468972560806,37.65084194058461,,0.6,333,,,,
12000092002_7df14ceb-5ea1-4171-b383-f8d986a38bdb_r04_c06,reconstructed,12000092002,,7df14ceb-5ea1-4171-b383-f8d986a38bdb,,FL,,4,6,-80.63570847362082,28.314618875583868,-80.636875687795,28.313580188822794,-80.6345412388155,28.315657552916498,,0.6,333,,,,
55003190001_91892799-8e82-4568-a6fc-f2105d202739_r01_c02,reconstructed,55003190001,,91892799-8e82-4568-a6fc-f2105d202739,,WI,,1,2,-90.23456524427424,46.433588732148685,-90.23593907328946,46.43263361134503,-90.2331913800863,46.434543844844036,,0.6,333,,,,
12000097002_3fc6c740-e797-4828-926c-b32aa33f8be4_r01_c02,reconstructed,12000097002,,3fc6c740-e797-4828-926c-b32aa33f8be4,,FL,,1,2,-80.85907571615888,28.544173263701758,-80.86024412555278,28.543136953234193,-80.85790728598892,28.545209564750355,,0.6,333,,,,
55003620001_39b6459f-0dae-442e-bf38-7c2685c27358_r01_c01,reconstructed,55003620001,,39b6459f-0dae-442e-bf38-7c2685c27358,,WI,,1,1,-88.56134179881994,44.019136183502525,-88.56268749881433,44.018172042173696,-88.55999606625734,44.02010031666893,,0.6,333,,,,
13000000715_facaf8fa-14f6-49cb-93e9-5b5a80f5bf05_r02_c05,reconstructed,13000000715,,facaf8fa-14f6-49cb-93e9-5b5a80f5bf05,,GA,,2,5,-84.90404609866188,33.295383931020886,-84.90524545979413,33.29439004022192,-84.90284671361226,33.29637781255789,,0.6,333,,,,
56000001001_7fbddcc5-8838-44fe-a305-8dc95609fcad_r02_c02,reconstructed,56000001001,,7fbddcc5-8838-44fe-a305-8dc95609fcad,,WY,,2,2,-106.29418837248551,42.8627777490437,-106.29554498175861,42.861791250881616,-106.29283179434549,42.86376423955986,,0.6,333,,,,
13000000715_facaf8fa-14f6-49cb-93e9-5b5a80f5bf05_r03_c18,reconstructed,13000000715,,facaf8fa-14f6-49cb-93e9-5b5a80f5bf05,,GA,,3,18,-84.88517778567682,33.29475682096129,-84.8863773253663,33.29376277337996,-84.88397822207259,33.295750859284084,,0.6,333,,,,
55007720002_d2ab458b-8a29-45e7-a98c-a27e80e26d44_r03_c02,reconstructed,55007720002,,d2ab458b-8a29-45e7-a98c-a27e80e26d44,,WI,,3,2,-88.73528682590982,43.173296133426255,-88.73661391967786,43.17233494726977,-88.73395970035038,43.17425731119716,,0.6,333,,,,
55003830001_a03f790e-3473-4cf0-b8be-acbc814b7b93_r01_c02,reconstructed,55003830001,,a03f790e-3473-4cf0-b8be-acbc814b7b93,,WI,,1,2,-89.43648274869035,43.52911149459165,-89.4378082578195,43.52815584608434,-89.4351572073691,43.53006713459424,,0.6,333,,,,
13000000715_facaf8fa-14f6-49cb-93e9-5b5a80f5bf05_r02_c18,reconstructed,13000000715,,facaf8fa-14f6-49cb-93e9-5b5a80f5bf05,,GA,,2,18,-84.88534678537525,33.29356485082798,-84.88654630522468,33.29257080292358,-84.8841472416118,33.294558889473564,,0.6,333,,,,
55003415001_6f5c4493-c8dc-4e30-a739-1d63dbd5e11f_r01_c01,reconstructed,55003415001,,6f5c4493-c8dc-4e30-a739-1d63dbd5e11f,,WI,,1,1,-88.47229548541017,44.56579487671902,-88.47365315679481,44.56482887930604,-88.47093778093812,44.56676086611446,,0.6,333,,,,
17001221001_9d654876-df76-48c3-be79-b828c30f8118_r01_c01,reconstructed,17001221001,,9d654876-df76-48c3-be79-b828c30f8118,,IL,,1,1,-88.93733030780885,38.61576419614331,-88.93857252735891,38.61480824330512,-88.93608806028375,38.61672013974422,,0.6,333,,,,
18000851001_11ebb651-bd30-41fb-aee2-c982a1358752_r02_c03,reconstructed,18000851001,,11ebb651-bd30-41fb-aee2-c982a1358752,,IN,,2,3,-87.56794249732116,37.95345350156241,-87.56918872065067,37.952485741909534,-87.56669624664647,37.95442125217836,,0.6,333,,,,
18000017001_3c2f9ef9-c518-4035-ba31-e048d16ca9c3_r02_c04,reconstructed,18000017001,,3c2f9ef9-c518-4035-ba31-e048d16ca9c3,,IN,,2,4,-86.06406264715261,39.93580894908711,-86.06536006273004,39.93482822049793,-86.06276520287793,39.93678966933302,,0.6,333,,,,
18000017001_3c2f9ef9-c518-4035-ba31-e048d16ca9c3_r02_c02,reconstructed,18000017001,,3c2f9ef9-c518-4035-ba31-e048d16ca9c3,,IN,,2,2,-86.06720955133206,39.936058521497024,-86.06850693661347,39.935077819102474,-86.06591213735278,39.93703921554764,,0.6,333,,,,
12000092002_7df14ceb-5ea1-4171-b383-f8d986a38bdb_r02_c04,reconstructed,12000092002,,7df14ceb-5ea1-4171-b383-f8d986a38bdb,,FL,,2,4,-80.63883656116333,28.312615841978566,-80.64000372004702,28.311577174373298,-80.63766938164902,28.313654500154506,,0.6,333,,,,
55007720002_d2ab458b-8a29-45e7-a98c-a27e80e26d44_r03_c01,reconstructed,55007720002,,d2ab458b-8a29-45e7-a98c-a27e80e26d44,,WI,,3,1,-88.73693863767241,43.17338775542498,-88.73826571342178,43.17242658345608,-88.73561153013135,43.17434891900793,,0.6,333,,,,
13000000715_facaf8fa-14f6-49cb-93e9-5b5a80f5bf05_r18_c07,reconstructed,13000000715,,facaf8fa-14f6-49cb-93e9-5b5a80f5bf05,,GA,,18,7,-84.89846839563354,33.31417584683615,-84.89966809865658,33.31318193700124,-84.89726866868239,33.3151697474133,,0.6,333,,,,
12000092001_452431c7-46b5-40fa-a69e-6fcd8da61840_r01_c01,reconstructed,12000092001,,452431c7-46b5-40fa-a69e-6fcd8da61840,,FL,,1,1,-80.61706132178642,28.392438497881734,-80.61822977605678,28.391399875350263,-80.6158928468496,28.393477111002216,,0.6,333,,,,
17001502001_38b0199c-292e-401d-9e83-09443ab9a747_r02_c03,reconstructed,17001502001,,38b0199c-292e-401d-9e83-09443ab9a747,,IL,,2,3,-89.09053188357183,38.97969643367041,-89.09177858034538,38.97874177655591,-89.08928515852924,38.980651081569896,,0.6,333,,,,
12000092002_7df14ceb-5ea1-4171-b383-f8d986a38bdb_r01_c02,reconstructed,12000092002,,7df14ceb-5ea1-4171-b383-f8d986a38bdb,,FL,,1,2,-80.64174527150772,28.31180939214974,-80.64291239355437,28.310770745228783,-80.64057812883043,28.312848029640833,,0.6,333,,,,
12000096001_50b55567-289c-4f3a-8f2c-465bf31cda2d_r01_c01,reconstructed,12000096001,,50b55567-289c-4f3a-8f2c-465bf31cda2d,,FL,,1,1,-80.7355746530469,28.36134604737434,-80.73674162882084,28.36030827323539,-80.73440765660449,28.36238381207856,,0.6,333,,,,
55007720002_d2ab458b-8a29-45e7-a98c-a27e80e26d44_r04_c02,reconstructed,55007720002,,d2ab458b-8a29-45e7-a98c-a27e80e26d44,,WI,,4,2,-88.73516030632516,43.17449248596104,-88.7364874246755,43.17353129685349,-88.73383315618231,43.17545366668333,,0.6,333,,,,
12000382001_fdb34af0-9b57-42ac-adf5-e1fbe3f150a1_r01_c02,reconstructed,12000382001,,fdb34af0-9b57-42ac-adf5-e1fbe3f150a1,,FL,,1,2,-86.17686044324225,30.488352881981474,-86.17800626100059,30.48736462972392,-86.17571460304687,30.489341124302676,,0.6,333,,,,
12000092002_7df14ceb-5ea1-4171-b383-f8d986a38bdb_r05_c06,reconstructed,12000092002,,7df14ceb-5ea1-4171-b383-f8d986a38bdb,,FL,,5,6,-80.63548914568766,28.31581553609189,-80.63665637831683,28.3147768508586,-80.63432189242678,28.31685421189699,,0.6,333,,,,
55002880001_06de6278-2bb6-47fa-b66d-d060cc47eae6_r01_c02,reconstructed,55002880001,,06de6278-2bb6-47fa-b66d-d060cc47eae6,,WI,,1,2,-90.13381598410398,44.63456932756049,-90.13515456436043,44.633617739071916,-90.1324773705278,44.6355209075726,,0.6,333,,,,
12000001028_07b9c210-c96e-4948-bbff-f0f413947280_r01_c01,reconstructed,12000001028,,07b9c210-c96e-4948-bbff-f0f413947280,,FL,,1,1,-80.30464141552291,26.0594141797591,-80.30578124732276,26.058366162676116,-80.30350156419276,26.06046218703034,,0.6,333,,,,
56000001001_7fbddcc5-8838-44fe-a305-8dc95609fcad_r01_c03,reconstructed,56000001001,,7fbddcc5-8838-44fe-a305-8dc95609fcad,,WY,,1,3,-106.29237056486991,42.861715143302426,-106.29372713242479,42.860728661873544,-106.2910140284474,42.86270161708461,,0.6,333,,,,
13000000715_facaf8fa-14f6-49cb-93e9-5b5a80f5bf05_r02_c08,reconstructed,13000000715,,facaf8fa-14f6-49cb-93e9-5b5a80f5bf05,,GA,,2,8,-84.89973079585576,33.294964414336924,-84.9009301936247,33.29397048727934,-84.89853137417022,33.29595833213333,,0.6,333,,,,
17001502001_38b0199c-292e-401d-9e83-09443ab9a747_r02_c01,reconstructed,17001502001,,38b0199c-292e-401d-9e83-09443ab9a747,,IL,,2,1,-89.09364624472323,38.979870087850195,-89.09489290916201,38.978915457747995,-89.09239955201502,38.98082470873675,,0.6,333,,,,
36001010006_bfd9862d-66bb-4192-a08e-abd70c79e08c_r10_c03,reconstructed,36001010006,,bfd9862d-66bb-4192-a08e-abd70c79e08c,,NY,,10,3,-73.50461857258341,40.65314067934535,-73.50605753612808,40.6520633689388,-73.50317958239981,40.65421798446913,,0.6,333,,,,
55003796001_bd3e83ca-ecf8-4126-a684-8d50c82aa7ba_r02_c01,reconstructed,55003796001,,bd3e83ca-ecf8-4126-a684-8d50c82aa7ba,,WI,,2,1,-89.6055421576348,44.4592491655472,-89.60688380959283,44.45829327986503,-89.6042004725771,44.46020504286691,,0.6,333,,,,
17000000029_87b1abda-b5a3-465d-9d85-77434ad98058_r01_c01,reconstructed,17000000029,,87b1abda-b5a3-465d-9d85-77434ad98058,,IL,,1,1,-89.11535419792736,41.32512852937682,-89.11664210294447,41.32417288843228,-89.1140662627256,41.32608416149014,,0.6,333,,,,
19000328001_badcc943-52c2-4988-8e9b-1062f66f8423_r01_c01,reconstructed,19000328001,,badcc943-52c2-4988-8e9b-1062f66f8423,,IA,,1,1,-95.77298957046155,41.009783459075585,-95.77419098975388,41.00888825020995,-95.77178812093632,41.01067865739087,,0.6,333,,,,
13000000715_facaf8fa-14f6-49cb-93e9-5b5a80f5bf05_r01_c18,reconstructed,13000000715,,facaf8fa-14f6-49cb-93e9-5b5a80f5bf05,,GA,,1,18,-84.88551577995798,33.2923728783842,-84.886715279968,33.29137883015638,-84.88431625603465,33.29336691735302,,0.6,333,,,,
36001010006_bfd9862d-66bb-4192-a08e-abd70c79e08c_r08_c01,reconstructed,36001010006,,bfd9862d-66bb-4192-a08e-abd70c79e08c,,NY,,8,1,-73.5084749349137,40.65137568387702,-73.50991382706637,40.650298401525696,-73.5070360161223,40.65245296094423,,0.6,333,,,,
55003190001_91892799-8e82-4568-a6fc-f2105d202739_r02_c02,reconstructed,55003190001,,91892799-8e82-4568-a6fc-f2105d202739,,WI,,2,2,-90.23445982230163,46.43479530127757,-90.2358336777559,46.43384017610227,-90.23308593167336,46.43575041834497,,0.6,333,,,,
13000605001_29c0f030-fd7f-4122-a66c-77f3b2aa8c0a_r02_c01,reconstructed,13000605001,,29c0f030-fd7f-4122-a66c-77f3b2aa8c0a,,GA,,2,1,-84.72659126127571,33.34710490327869,-84.72779317908723,33.34610962234203,-84.72538931953683,33.3481001749949,,0.6,333,,,,
18000851001_11ebb651-bd30-41fb-aee2-c982a1358752_r03_c03,reconstructed,18000851001,,11ebb651-bd30-41fb-aee2-c982a1358752,,IN,,3,3,-87.56780607040233,37.95464435375317,-87.5690523153388,37.953676593127746,-87.56655979811983,37.95561210534194,,0.6,333,,,,
18000506001_a2500223-d58d-4f84-b59c-f175824abd28_r01_c01,reconstructed,18000506001,,a2500223-d58d-4f84-b59c-f175824abd28,,IN,,1,1,-85.44170600159161,40.184099425887034,-85.44301479551716,40.183113393014715,-85.4403971788522,40.18508545061171,,0.6,333,,,,
12000222001_e4858352-0b91-4b2d-a552-6aeb6ade98fa_r03_c03,reconstructed,12000222001,,e4858352-0b91-4b2d-a552-6aeb6ade98fa,,FL,,3,3,-81.1387129589854,29.472922900495405,-81.13989188242988,29.47189116359179,-81.13753401425785,29.473954628109944,,0.6,333,,,,
13000000715_facaf8fa-14f6-49cb-93e9-5b5a80f5bf05_r02_c16,reconstructed,13000000715,,facaf8fa-14f6-49cb-93e9-5b5a80f5bf05,,GA,,2,16,-84.88822354656587,33.29384490808881,-84.88942304200435,33.29285088435192,-84.88702402721285,33.29483892256645,,0.6,333,,,,
16000127001_3985cd37-75d2-47be-a776-a067ce65f2ca_r01_c01,reconstructed,16000127001,,3985cd37-75d2-47be-a776-a067ce65f2ca,,ID,,1,1,-113.78222755580268,42.547804657850875,-113.7836592626917,42.54675927620763,-113.7807958783169,42.54885003367987,,0.6,333,,,,
12000001028_07b9c210-c96e-4948-bbff-f0f413947280_r01_c04,reconstructed,12000001028,,07b9c210-c96e-4948-bbff-f0f413947280,,FL,,1,4,-80.30071390156778,26.058812221008008,-80.3018537591617,26.057764171037245,-80.29957402444441,26.059860261167437,,0.6,333,,,,
13000000715_facaf8fa-14f6-49cb-93e9-5b5a80f5bf05_r03_c06,reconstructed,13000000715,,facaf8fa-14f6-49cb-93e9-5b5a80f5bf05,,GA,,3,6,-84.90243891724697,33.29643610284396,-84.90363831042856,33.29544220028266,-84.90123950014755,33.297429996143805,,0.6,333,,,,
12000092002_7df14ceb-5ea1-4171-b383-f8d986a38bdb_r03_c04,reconstructed,12000092002,,7df14ceb-5ea1-4171-b383-f8d986a38bdb,,FL,,3,4,-80.63861728268833,28.31381251518311,-80.63978446002554,28.31277384910648,-80.63745008471996,28.314851171830675,,0.6,333,,,,
12000094001_a8daeab4-82d2-4ed7-80c1-c1473002b158_r01_c03,reconstructed,12000094001,,a8daeab4-82d2-4ed7-80c1-c1473002b158,,FL,,1,3,-80.72111109915403,28.327620491376123,-80.7222777374521,28.326582511969818,-80.71994444020606,28.328658461343593,,0.6,333,,,,
55002880001_06de6278-2bb6-47fa-b66d-d060cc47eae6_r01_c04,reconstructed,55002880001,,06de6278-2bb6-47fa-b66d-d060cc47eae6,,WI,,1,4,-90.13043737163167,44.63442083865816,-90.13177599099465,44.63346922058868,-90.1290987189494,44.63537244825204,,0.6,333,,,,
12000099007_7f77e6e0-ef02-4db8-bdf4-f7b6daa26fd4_r02_c02,reconstructed,12000099007,,7f77e6e0-ef02-4db8-bdf4-f7b6daa26fd4,,FL,,2,2,-80.70488582869162,28.422540432842524,-80.7060539220525,28.421502582238432,-80.70371771463677,28.423578274028024,,0.6,333,,,,
12000092002_7df14ceb-5ea1-4171-b383-f8d986a38bdb_r01_c07,reconstructed,12000092002,,7df14ceb-5ea1-4171-b383-f8d986a38bdb,,FL,,1,7,-80.63502172286125,28.310833695469977,-80.63618889086386,28.30979499301723,-80.63385453422944,28.311872388493654,,0.6,333,,,,
55007720002_d2ab458b-8a29-45e7-a98c-a27e80e26d44_r01_c02,reconstructed,55007720002,,d2ab458b-8a29-45e7-a98c-a27e80e26d44,,WI,,1,2,-88.73553985188511,43.1709034349108,-88.73686689649125,43.169942254655005,-88.73421277548975,43.17186460678063,,0.6,333,,,,
13000000715_facaf8fa-14f6-49cb-93e9-5b5a80f5bf05_r03_c04,reconstructed,13000000715,,facaf8fa-14f6-49cb-93e9-5b5a80f5bf05,,GA,,3,4,-84.90531584405524,33.29671573017068,-84.90651521280984,33.29572185178267,-84.90411645138231,33.297709599296745,,0.6,333,,,,
21000359001_25aea503-0612-4557-9c5d-ad051f4e837f_r05_c02,reconstructed,21000359001,,25aea503-0612-4557-9c5d-ad051f4e837f,,KY,,5,2,-87.92833710539843,37.770758608764545,-87.92957629813431,37.76979389252153,-87.92709788541605,37.77172331586186,,0.6,333,,,,
12000092002_7df14ceb-5ea1-4171-b383-f8d986a38bdb_r03_c06,reconstructed,12000092002,,7df14ceb-5ea1-4171-b383-f8d986a38bdb,,FL,,3,6,-80.63592779534692,28.313422210877984,-80.63709499106665,28.312383522588732,-80.63476057899659,28.314460889738495,,0.6,333,,,,
55002880001_06de6278-2bb6-47fa-b66d-d060cc47eae6_r02_c02,reconstructed,55002880001,,06de6278-2bb6-47fa-b66d-d060cc47eae6,,WI,,2,2,-90.13371157232908,44.63577022888228,-90.13505017767977,44.63481863696094,-90.13237293365746,44.63672181232738,,0.6,333,,,,
56000001001_7fbddcc5-8838-44fe-a305-8dc95609fcad_r02_c03,reconstructed,56000001001,,7fbddcc5-8838-44fe-a305-8dc95609fcad,,WY,,2,3,-106.29254882997122,42.86290739300824,-106.29390542297593,42.86192090833579,-106.29119226809995,42.86389387003423,,0.6,333,,,,
13000605001_29c0f030-fd7f-4122-a66c-77f3b2aa8c0a_r02_c02,reconstructed,13000605001,,29c0f030-fd7f-4122-a66c-77f3b2aa8c0a,,GA,,2,2,-84.72515219433208,33.34696286749947,-84.72635412429825,33.3459675744986,-84.72395024043878,33.34795815128017,,0.6,333,,,,
12000092002_7df14ceb-5ea1-4171-b383-f8d986a38bdb_r06_c03,reconstructed,12000092002,,7df14ceb-5ea1-4171-b383-f8d986a38bdb,,FL,,6,3,-80.63930421857773,28.317597642664015,-80.64047144208627,28.316558992277713,-80.63813697443608,28.318636283621927,,0.6,333,,,,
55003796001_bd3e83ca-ecf8-4126-a684-8d50c82aa7ba_r02_c03,reconstructed,55003796001,,bd3e83ca-ecf8-4126-a684-8d50c82aa7ba,,WI,,2,3,-89.60217350255704,44.459087389196505,-89.60351519286188,44.45813147423878,-89.600831779153,44.460043295792715,,0.6,333,,,,
06002127001_b1d49e85-8b4f-4d6d-b704-2212aa5920b4_r01_c01,reconstructed,06002127001,,b1d49e85-8b4f-4d6d-b704-2212aa5920b4,,CA,,1,1,-122.36097652272247,38.39377551863366,-122.36240471582349,38.39267313856387,-122.35954835352058,38.39487789353122,,0.6,333,,,,
55004580001_9f6478a9-5185-484b-a958-f927b8af2af2_r02_c01,reconstructed,55004580001,,9f6478a9-5185-484b-a958-f927b8af2af2,,WI,,2,1,-90.92621307543024,44.95423507252095,-90.92754806174955,44.953289844405056,-90.92487805540883,44.95518029199726,,0.6,333,,,,
55003830001_a03f790e-3473-4cf0-b8be-acbc814b7b93_r02_c02,reconstructed,55003830001,,a03f790e-3473-4cf0-b8be-acbc814b7b93,,WI,,2,2,-89.43636782648467,43.530309206789255,-89.43769336018083,43.529353555272785,-89.4350422605953,43.531264849801204,,0.6,333,,,,
13000000715_facaf8fa-14f6-49cb-93e9-5b5a80f5bf05_r17_c02,reconstructed,13000000715,,facaf8fa-14f6-49cb-93e9-5b5a80f5bf05,,GA,,17,2,-84.90583106906355,33.313683045058056,-84.90703069115008,33.31268919534529,-84.90463142304831,33.31467688551165,,0.6,333,,,,
55003950001_79c27479-4b0d-4d5b-87c6-58d39d2dc09c_r01_c02,reconstructed,55003950001,,79c27479-4b0d-4d5b-87c6-58d39d2dc09c,,WI,,1,2,-89.13997926247421,43.86265113532502,-89.14131486553832,43.86169231531001,-89.1386436269312,43.86360994698413,,0.6,333,,,,
18000506001_a2500223-d58d-4f84-b59c-f175824abd28_r01_c02,reconstructed,18000506001,,a2500223-d58d-4f84-b59c-f175824abd28,,IN,,1,2,-85.44012821980306,40.1839668074057,-85.44143702867194,40.18298076152014,-85.43881938212063,40.184952845143904,,0.6,333,,,,
13000000715_facaf8fa-14f6-49cb-93e9-5b5a80f5bf05_r02_c02,reconstructed,13000000715,,facaf8fa-14f6-49cb-93e9-5b5a80f5bf05,,GA,,2,2,-84.90836144743551,33.295803285069006,-84.90956077192527,33.29480943053078,-84.90716209902763,33.296797130344636,,0.6,333,,,,
12000094001_a8daeab4-82d2-4ed7-80c1-c1473002b158_r02_c02,reconstructed,12000094001,,a8daeab4-82d2-4ed7-80c1-c1473002b158,,FL,,2,2,-80.72223812724663,28.329011368982385,-80.72340477476149,28.327973402224064,-80.72107145908103,28.330049326301932,,0.6,333,,,,
13000000715_facaf8fa-14f6-49cb-93e9-5b5a80f5bf05_r05_c16,reconstructed,13000000715,,facaf8fa-14f6-49cb-93e9-5b5a80f5bf05,,GA,,5,16,-84.88771666094961,33.29742082282359,-84.88891621590842,33.296426800055144,-84.88651708207415,33.29841483633347,,0.6,333,,,,
13000000715_facaf8fa-14f6-49cb-93e9-5b5a80f5bf05_r01_c05,reconstructed,13000000715,,facaf8fa-14f6-49cb-93e9-5b5a80f5bf05,,GA,,1,5,-84.90421481411903,33.29419193418992,-84.90541415541574,33.293198043066354,-84.90301544890566,33.295185816051365,,0.6,333,,,,
13000000715_facaf8fa-14f6-49cb-93e9-5b5a80f5bf05_r02_c15,reconstructed,13000000715,,facaf8fa-14f6-49cb-93e9-5b5a80f5bf05,,GA,,2,15,-84.88966193483316,33.29398490961472,-84.8908614180652,33.2929908979619,-84.8884624276863,33.294978912008034,,0.6,333,,,,
12000092002_7df14ceb-5ea1-4171-b383-f8d986a38bdb_r06_c07,reconstructed,12000092002,,7df14ceb-5ea1-4171-b383-f8d986a38bdb,,FL,,6,7,-80.63392502161817,28.31681700824853,-80.63509228189383,28.315778313436574,-80.63275774071053,28.317855693632744,,0.6,333,,,,
55003620001_39b6459f-0dae-442e-bf38-7c2685c27358_r02_c03,reconstructed,55003620001,,39b6459f-0dae-442e-bf38-7c2685c27358,,WI,,2,3,-88.55786637875126,44.02014619357679,-88.55921214076304,44.01918202022536,-88.55652058417068,44.02111035876697,,0.6,333,,,,
08000160003_527c62ef-2e0e-4b48-98c9-25f2b49deb17_r02_c01,reconstructed,08000160003,,527c62ef-2e0e-4b48-98c9-25f2b49deb17,,CO,,2,1,-108.4563213869695,39.061136322555086,-108.45763030495254,39.06013515063685,-108.4550124966428,39.062137486538425,,0.6,333,,,,
12000092002_7df14ceb-5ea1-4171-b383-f8d986a38bdb_r01_c05,reconstructed,12000092002,,7df14ceb-5ea1-4171-b383-f8d986a38bdb,,FL,,1,5,-80.637711123703,28.311224025239458,-80.6388782733249,28.31018534499887,-80.6365439534513,28.31226269605074,,0.6,333,,,,
13000000715_facaf8fa-14f6-49cb-93e9-5b5a80f5bf05_r16_c01,reconstructed,13000000715,,facaf8fa-14f6-49cb-93e9-5b5a80f5bf05,,GA,,16,1,-84.90743855720861,33.31263085197449,-84.9086381472312,33.31163701403146,-84.90623894325776,33.313624680657824,,0.6,333,,,,
12000094001_a8daeab4-82d2-4ed7-80c1-c1473002b158_r01_c01,reconstructed,12000094001,,a8daeab4-82d2-4ed7-80c1-c1473002b158,,FL,,1,1,-80.72380143021235,28.32800863582449,-80.72496805005557,28.3269706786552,-80.72263478971867,28.329046583554618,,0.6,333,,,,
19000178001_ddc9f7ae-89e8-4a07-8e2b-716862d6f220_r01_c05,reconstructed,19000178001,,ddc9f7ae-89e8-4a07-8e2b-716862d6f220,,IA,,1,5,-92.85705470593376,42.217994280375315,-92.85831371145785,42.21707100586481,-92.85579566918675,42.21891754523899,,0.6,333,,,,
13000000715_facaf8fa-14f6-49cb-93e9-5b5a80f5bf05_r10_c12,reconstructed,13000000715,,facaf8fa-14f6-49cb-93e9-5b5a80f5bf05,,GA,,10,12,-84.89262602018366,33.30394059228956,-84.89382562551671,33.302946619467896,-84.89142639092938,33.304934555852796,,0.6,333,,,,
20000199001_0b26cdcd-b8bd-4115-90ee-583841cb47ff_r01_c03,reconstructed,20000199001,,0b26cdcd-b8bd-4115-90ee-583841cb47ff,,KS,,1,3,-98.04409993594624,37.12886404090657,-98.04526037708067,37.12795263100656,-98.04293952195759,37.12977544025518,,0.6,333,,,,
12000097002_3fc6c740-e797-4828-926c-b32aa33f8be4_r01_c01,reconstructed,12000097002,,3fc6c740-e797-4828-926c-b32aa33f8be4,,FL,,1,1,-80.8604246497097,28.54436549889611,-80.86159304977521,28.54332919957675,-80.85925622886782,28.545401788796234,,0.6,333,,,,
20000199001_0b26cdcd-b8bd-4115-90ee-583841cb47ff_r01_c02,reconstructed,20000199001,,0b26cdcd-b8bd-4115-90ee-583841cb47ff,,KS,,1,2,-98.04562216125424,37.12883831162326,-98.04678261979312,37.127926887730126,-98.04446172986111,37.129749724965315,,0.6,333,,,,
56000001001_7fbddcc5-8838-44fe-a305-8dc95609fcad_r01_c02,reconstructed,56000001001,,7fbddcc5-8838-44fe-a305-8dc95609fcad,,WY,,1,2,-106.29401007943324,42.861585501805365,-106.29536666325605,42.86059900688694,-106.29265352674244,42.86257198907747,,0.6,333,,,,
55003796001_bd3e83ca-ecf8-4126-a684-8d50c82aa7ba_r01_c03,reconstructed,55003796001,,bd3e83ca-ecf8-4126-a684-8d50c82aa7ba,,WI,,1,3,-89.60228706421502,44.45788737966538,-89.60362872934037,44.45693146814041,-89.60094536599166,44.45884328282848,,0.6,333,,,,
12000092002_7df14ceb-5ea1-4171-b383-f8d986a38bdb_r06_c01,reconstructed,12000092002,,7df14ceb-5ea1-4171-b383-f8d986a38bdb,,FL,,6,1,-80.64199385429608,28.31798785767104,-80.64316105941764,28.31694922949868,-80.64082662854081,28.319026476414614,,0.6,333,,,,
13000000715_facaf8fa-14f6-49cb-93e9-5b5a80f5bf05_r03_c07,reconstructed,13000000715,,facaf8fa-14f6-49cb-93e9-5b5a80f5bf05,,GA,,3,7,-84.90100046150508,33.29629626207437,-84.9021998668992,33.29530234742682,-84.89980103219338,33.29729016746075,,0.6,333,,,,
18000017001_3c2f9ef9-c518-4035-ba31-e048d16ca9c3_r03_c03,reconstructed,18000017001,,3c2f9ef9-c518-4035-ba31-e048d16ca9c3,,IN,,3,3,-86.06547101006238,39.93712311231609,-86.06676843379903,39.93614239490681,-86.06417355762723,39.938103821382,,0.6,333,,,,
13000000715_facaf8fa-14f6-49cb-93e9-5b5a80f5bf05_r02_c01,reconstructed,13000000715,,facaf8fa-14f6-49cb-93e9-5b5a80f5bf05,,GA,,2,1,-84.90979990723878,33.29594303361007,-84.91099921951307,33.29494919115917,-84.90860057104608,33.296936866798085,,0.6,333,,,,
12000094001_a8daeab4-82d2-4ed7-80c1-c1473002b158_r02_c03,reconstructed,12000094001,,a8daeab4-82d2-4ed7-80c1-c1473002b158,,FL,,2,3,-80.7208929462652,28.328817286098797,-80.7220596030074,28.327779308222052,-80.71972626887258,28.329855254536888,,0.6,333,,,,
12000092002_7df14ceb-5ea1-4171-b383-f8d986a38bdb_r04_c05,reconstructed,12000092002,,7df14ceb-5ea1-4171-b383-f8d986a38bdb,,FL,,4,5,-80.6370532327109,28.31481403840324,-80.6382204376939,28.31377536274841,-80.63588600709645,28.31585270462948,,0.6,333,,,,
13000000715_facaf8fa-14f6-49cb-93e9-5b5a80f5bf05_r09_c04,reconstructed,13000000715,,facaf8fa-14f6-49cb-93e9-5b5a80f5bf05,,GA,,9,4,-84.90430354225086,33.30386766008453,-84.90550303003425,33.30287378363394,-84.90310403054494,33.30486152727448,,0.6,333,,,,
12000098001_56ad48f4-7803-48a3-9468-4d9720d93f65_r02_c02,reconstructed,12000098001,,56ad48f4-7803-48a3-9468-4d9720d93f65,,FL,,2,2,-80.75670084869594,28.22773516951419,-80.75786579591595,28.226697198285464,-80.7555358808696,28.228773131279848,,0.6,333,,,,
18000017001_3c2f9ef9-c518-4035-ba31-e048d16ca9c3_r01_c01,reconstructed,18000017001,,3c2f9ef9-c518-4035-ba31-e048d16ca9c3,,IN,,1,1,-86.06894804107186,39.93499390715935,-86.0702453878989,39.93401321977908,-86.06765066554762,39.93597458619513,,0.6,333,,,,
12000382001_fdb34af0-9b57-42ac-adf5-e1fbe3f150a1_r01_c01,reconstructed,12000382001,,fdb34af0-9b57-42ac-adf5-e1fbe3f150a1,,FL,,1,1,-86.17825154987582,30.488477333570227,-86.17939735575374,30.487489093321347,-86.17710572156065,30.489465563882394,,0.6,333,,,,
55003830001_a03f790e-3473-4cf0-b8be-acbc814b7b93_r03_c02,reconstructed,55003830001,,a03f790e-3473-4cf0-b8be-acbc814b7b93,,WI,,3,2,-89.43625290026093,43.531506921397614,-89.437578458525,43.530551266871385,-89.43492730980252,43.53246256741955,,0.6,333,,,,
12000092002_7df14ceb-5ea1-4171-b383-f8d986a38bdb_r05_c03,reconstructed,12000092002,,7df14ceb-5ea1-4171-b383-f8d986a38bdb,,FL,,5,3,-80.6395234971469,28.316400979902067,-80.6406907022004,28.315362327988225,-80.63835627146085,28.31743962238724,,0.6,333,,,,
12000128001_614801ea-69ab-4b98-b80f-ac5b28b9b76c_r05_c01,reconstructed,12000128001,,614801ea-69ab-4b98-b80f-ac5b28b9b76c,,FL,,5,1,-82.49082557168146,27.43828493085116,-82.49196438242342,27.43725859429283,-82.48968674047997,27.43931125754331,,0.6,333,,,,
05000512001_d7e0d1fb-7513-4b79-b8f9-c40a0e10d01e_r01_c01,reconstructed,05000512001,,d7e0d1fb-7513-4b79-b8f9-c40a0e10d01e,,AR,,1,1,-91.98010403777522,35.00544540807057,-91.98125459847488,35.00451464174351,-91.978953451478,35.00637616401472,,0.6,333,,,,
18002110001_7b3a005b-59b9-4bdc-a226-fcc1c97098da_r01_c01,reconstructed,18002110001,,7b3a005b-59b9-4bdc-a226-fcc1c97098da,,IN,,1,1,-86.68909377523798,41.585649618922254,-86.69041456851735,41.58467294661437,-86.68777295181577,41.58662628305789,,0.6,333,,,,
13000000715_facaf8fa-14f6-49cb-93e9-5b5a80f5bf05_r12_c03,reconstructed,13000000715,,facaf8fa-14f6-49cb-93e9-5b5a80f5bf05,,GA,,12,3,-84.90523598674389,33.307583397334774,-84.90643552183322,33.30658953393543,-84.90403642772966,33.30857725147402,,0.6,333,,,,
12000092002_7df14ceb-5ea1-4171-b383-f8d986a38bdb_r04_c04,reconstructed,12000092002,,7df14ceb-5ea1-4171-b383-f8d986a38bdb,,FL,,4,4,-80.63839799800753,28.31500918418967,-80.63956519379883,28.313970519641302,-80.6372307815845,28.31604783930927,,0.6,333,,,,
12000092002_7df14ceb-5ea1-4171-b383-f8d986a38bdb_r06_c04,reconstructed,12000092002,,7df14ceb-5ea1-4171-b383-f8d986a38bdb,,FL,,6,4,-80.63795941002746,28.317402509610226,-80.63912664272863,28.31636384811725,-80.63679215669347,28.318441161674993,,0.6,333,,,,
12000092002_7df14ceb-5ea1-4171-b383-f8d986a38bdb_r01_c04,reconstructed,12000092002,,7df14ceb-5ea1-4171-b383-f8d986a38bdb,,FL,,1,4,-80.63905583343278,28.311419164575536,-80.64022297386352,28.31038049544131,-80.63788867237199,28.31245782428024,,0.6,333,,,,
12000327001_e9466166-1276-43e2-ac75-da4f29417926_r01_c01,reconstructed,12000327001,,e9466166-1276-43e2-ac75-da4f29417926,,FL,,1,1,-86.11045804946768,30.727988416088674,-86.1116078796333,30.727000101193283,-86.10930819673985,30.728976721096192,,0.6,333,,,,
13000000715_facaf8fa-14f6-49cb-93e9-5b5a80f5bf05_r01_c20,reconstructed,13000000715,,facaf8fa-14f6-49cb-93e9-5b5a80f5bf05,,GA,,1,20,-84.88263908216916,33.29209275260048,-84.88383860658695,33.2910986802063,-84.88143953383857,33.29308681573612,,0.6,333,,,,
13000000715_facaf8fa-14f6-49cb-93e9-5b5a80f5bf05_r01_c19,reconstructed,13000000715,,facaf8fa-14f6-49cb-93e9-5b5a80f5bf05,,GA,,1,19,-84.88407742850552,33.29223282452697,-84.88527694071973,33.291238764215855,-84.88287789237825,33.293226875579315,,0.6,333,,,,
12000382001_fdb34af0-9b57-42ac-adf5-e1fbe3f150a1_r02_c01,reconstructed,12000382001,,fdb34af0-9b57-42ac-adf5-e1fbe3f150a1,,FL,,2,1,-86.17810726160016,30.489677124428358,-86.17925308566336,30.488688885485526,-86.17696141509906,30.490665353434718,,0.6,333,,,,
12000092002_7df14ceb-5ea1-4171-b383-f8d986a38bdb_r05_c05,reconstructed,12000092002,,7df14ceb-5ea1-4171-b383-f8d986a38bdb,,FL,,5,5,-80.63683392330074,28.31601070106181,-80.63800114673859,28.314972026934825,-80.63566667923092,28.317049365760443,,0.6,333,,,,
20000310001_4a61ea91-8ae6-40bf-8d1b-d77c8e97298e_r01_c04,reconstructed,20000310001,,4a61ea91-8ae6-40bf-8d1b-d77c8e97298e,,KS,,1,4,-100.89830803983149,37.05525890373977,-100.89950016106982,37.054321660101145,-100.89711594556661,37.056196137436814,,0.6,333,,,,
12000092002_7df14ceb-5ea1-4171-b383-f8d986a38bdb_r01_c01,reconstructed,12000092002,,7df14ceb-5ea1-4171-b383-f8d986a38bdb,,FL,,1,1,-80.64308999985188,28.312004480387767,-80.64425711270563,28.310965844573712,-80.64192286636718,28.31304310677177,,0.6,333,,,,
55003950001_79c27479-4b0d-4d5b-87c6-58d39d2dc09c_r01_c01,reconstructed,55003950001,,79c27479-4b0d-4d5b-87c6-58d39d2dc09c,,WI,,1,1,-89.1416483042661,43.86273776601826,-89.1429838887324,43.86177896041518,-89.14031268732064,43.863696563265016,,0.6,333,,,,
13000000715_facaf8fa-14f6-49cb-93e9-5b5a80f5bf05_r02_c13,reconstructed,13000000715,,facaf8fa-14f6-49cb-93e9-5b5a80f5bf05,,GA,,2,13,-84.89253872670857,33.29426485845702,-84.89373818552579,33.29327087097311,-84.89133924397602,33.295258836680944,,0.6,333,,,,
12000092002_7df14ceb-5ea1-4171-b383-f8d986a38bdb_r06_c02,reconstructed,12000092002,,7df14ceb-5ea1-4171-b383-f8d986a38bdb,,FL,,6,2,-80.6406490333341,28.317792758684323,-80.64181624764944,28.316754119404905,-80.63948179838536,28.318831388535173,,0.6,333,,,,
08000160003_527c62ef-2e0e-4b48-98c9-25f2b49deb17_r01_c01,reconstructed,08000160003,,527c62ef-2e0e-4b48-98c9-25f2b49deb17,,CO,,1,1,-108.45611710208313,39.059951015511935,-108.45742599656448,39.058949845455295,-108.45480823525723,39.0609521776335,,0.6,333,,,,
55002850001_470e941c-6220-4590-a16d-36b4f8a1017a_r01_c01,reconstructed,55002850001,,470e941c-6220-4590-a16d-36b4f8a1017a,,WI,,1,1,-88.87799775430082,44.67193556508179,-88.87935259624047,44.67097287011905,-88.87664287912558,44.67289825193504,,0.6,333,,,,
13000000715_facaf8fa-14f6-49cb-93e9-5b5a80f5bf05_r02_c17,reconstructed,13000000715,,facaf8fa-14f6-49cb-93e9-5b5a80f5bf05,,GA,,2,17,-84.88678516341301,33.29370488849318,-84.8879846710573,33.29271085267244,-84.88558563185445,33.294698915054965,,0.6,333,,,,
55003620001_39b6459f-0dae-442e-bf38-7c2685c27358_r01_c02,reconstructed,55003620001,,39b6459f-0dae-442e-bf38-7c2685c27358,,WI,,1,2,-88.55966969242796,44.01904220987179,-88.56101541079855,44.01807805422305,-88.55832394148945,44.02000635735855,,0.6,333,,,,
13000208007_93447ca2-c98f-4677-98de-efd89a72dbb9_r02_c02,reconstructed,13000208007,,93447ca2-c98f-4677-98de-efd89a72dbb9,,GA,,2,2,-84.78506728889842,33.40303196139899,-84.78626947883775,33.40203724219823,-84.78386507499056,33.404026671377736,,0.6,333,,,,
55003830001_a03f790e-3473-4cf0-b8be-acbc814b7b93_r02_c01,reconstructed,55003830001,,a03f790e-3473-4cf0-b8be-acbc814b7b93,,WI,,2,1,-89.43802914100101,43.53039205025764,-89.4393546561257,43.529436413146755,-89.43670359368288,43.53134767886354,,0.6,333,,,,
13000000715_facaf8fa-14f6-49cb-93e9-5b5a80f5bf05_r03_c17,reconstructed,13000000715,,facaf8fa-14f6-49cb-93e9-5b5a80f5bf05,,GA,,3,17,-84.88661618518502,33.29489686050394,-84.88781571266907,33.29390282500635,-84.885416633786,33.29589088674278,,0.6,333,,,,
19000577001_989378f0-474a-418b-8854-eaa3905e6823_r01_c02,reconstructed,19000577001,,989378f0-474a-418b-8854-eaa3905e6823,,IA,,1,2,-91.40186388799934,43.045487197004746,-91.40315612426191,43.04454970868327,-91.40057161983924,43.046424676198214,,0.6,333,,,,
13000000715_facaf8fa-14f6-49cb-93e9-5b5a80f5bf05_r05_c20,reconstructed,13000000715,,facaf8fa-14f6-49cb-93e9-5b5a80f5bf05,,GA,,5,20,-84.88196290137974,33.29686061349205,-84.88316250516145,33.295866542388474,-84.88076327368239,33.29785467533802,,0.6,333,,,,
13000000715_facaf8fa-14f6-49cb-93e9-5b5a80f5bf05_r02_c20,reconstructed,13000000715,,facaf8fa-14f6-49cb-93e9-5b5a80f5bf05,,GA,,2,20,-84.88247004464752,33.29328472128896,-84.8836695889053,33.29229064921801,-84.8812704764762,33.2942787841016,,0.6,333,,,,
12000092002_7df14ceb-5ea1-4171-b383-f8d986a38bdb_r02_c01,reconstructed,12000092002,,7df14ceb-5ea1-4171-b383-f8d986a38bdb,,FL,,2,1,-80.64287078314935,28.3132011642397,-80.64403791445554,28.31216252995477,-80.64170363121167,28.314239789094863,,0.6,333,,,,
55007720002_d2ab458b-8a29-45e7-a98c-a27e80e26d44_r01_c01,reconstructed,55007720002,,d2ab458b-8a29-45e7-a98c-a27e80e26d44,,WI,,1,1,-88.73719160656476,43.170995053371435,-88.73851863315338,43.17003388730267,-88.7358645481867,43.17195621105369,,0.6,333,,,,
55004580001_9f6478a9-5185-484b-a958-f927b8af2af2_r01_c01,reconstructed,55004580001,,9f6478a9-5185-484b-a958-f927b8af2af2,,WI,,1,1,-90.92630382386679,44.953032728152614,-90.92763878518642,44.95208750349431,-90.92496882884626,44.95397794417106,,0.6,333,,,,
17000643001_5ce3761c-be0d-42a0-8420-db718225601c_r01_c01,reconstructed,17000643001,,5ce3761c-be0d-42a0-8420-db718225601c,,IL,,1,1,-88.2773014290315,42.01602098708163,-88.27861194006464,42.015057394279495,-88.27599088729758,42.01698457139228,,0.6,333,,,,
20000704001_0219122a-b93f-4383-bb45-9b7ff833a432_r01_c01,reconstructed,20000704001,,0219122a-b93f-4383-bb45-9b7ff833a432,,KS,,1,1,-94.62023805105053,37.62659015972865,-94.62139840465413,37.62568502646496,-94.61907766992157,37.627495282349024,,0.6,333,,,,
12000092002_7df14ceb-5ea1-4171-b383-f8d986a38bdb_r03_c01,reconstructed,12000092002,,7df14ceb-5ea1-4171-b383-f8d986a38bdb,,FL,,3,1,-80.64265156024277,28.314397843893648,-80.64381871000197,28.313359211137378,-80.64148438985156,28.315436467220326,,0.6,333,,,,
55002880001_06de6278-2bb6-47fa-b66d-d060cc47eae6_r02_c03,reconstructed,55002880001,,06de6278-2bb6-47fa-b66d-d060cc47eae6,,WI,,2,3,-90.13202223432151,44.63569599358325,-90.13336085922658,44.63474438687105,-90.13068357609576,44.63664759181973,,0.6,333,,,,
55003620001_39b6459f-0dae-442e-bf38-7c2685c27358_r02_c02,reconstructed,55003620001,,39b6459f-0dae-442e-bf38-7c2685c27358,,WI,,2,2,-88.55953850976691,44.02024019014153,-88.56088425340286,44.01927603110981,-88.55819273356187,44.02120434101155,,0.6,333,,,,
12000092002_7df14ceb-5ea1-4171-b383-f8d986a38bdb_r01_c06,reconstructed,12000092002,,7df14ceb-5ea1-4171-b383-f8d986a38bdb,,FL,,1,6,-80.63636642017899,28.311028868870935,-80.63753357899154,28.309990177524174,-80.63519924073694,28.31206755078847,,0.6,333,,,,
12000099007_7f77e6e0-ef02-4db8-bdf4-f7b6daa26fd4_r02_c04,reconstructed,12000099007,,7f77e6e0-ef02-4db8-bdf4-f7b6daa26fd4,,FL,,2,4,-80.70219257299702,28.422151907580965,-80.70336068483938,28.421114034735307,-80.70102444046127,28.42318977100843,,0.6,333,,,,
12000092002_7df14ceb-5ea1-4171-b383-f8d986a38bdb_r04_c02,reconstructed,12000092002,,7df14ceb-5ea1-4171-b383-f8d986a38bdb,,FL,,4,2,-80.64108754721852,28.31539942466308,-80.64225472462468,28.314360782328176,-80.63992034918006,28.31643805756888,,0.6,333,,,,
13000000715_facaf8fa-14f6-49cb-93e9-5b5a80f5bf05_r01_c15,reconstructed,13000000715,,facaf8fa-14f6-49cb-93e9-5b5a80f5bf05,,GA,,1,15,-84.88983086500575,33.292792931539665,-84.89103032839927,33.29179891956317,-84.88863137769813,33.29378693425647,,0.6,333,,,,
12000092002_7df14ceb-5ea1-4171-b383-f8d986a38bdb_r02_c03,reconstructed,12000092002,,7df14ceb-5ea1-4171-b383-f8d986a38bdb,,FL,,2,3,-80.64018129562045,28.312810966431822,-80.6413484453122,28.31177230993315,-80.63901412529779,28.313849613501063,,0.6,333,,,,
12000092002_7df14ceb-5ea1-4171-b383-f8d986a38bdb_r03_c02,reconstructed,12000092002,,7df14ceb-5ea1-4171-b383-f8d986a38bdb,,FL,,3,2,-80.64130679485298,28.31420275135653,-80.6424739538054,28.31316410749331,-80.6401396152688,28.315241385790394,,0.6,333,,,,
13000000716_6ae704c5-b9ff-4424-95c6-c814684fd744_r02_c01,reconstructed,13000000716,,6ae704c5-b9ff-4424-95c6-c814684fd744,,GA,,2,1,-84.64493187899502,33.315466229746946,-84.64613412583788,33.314470230699975,-84.64372960825398,33.316462219583194,,0.6,333,,,,
13000000715_facaf8fa-14f6-49cb-93e9-5b5a80f5bf05_r03_c03,reconstructed,13000000715,,facaf8fa-14f6-49cb-93e9-5b5a80f5bf05,,GA,,3,3,-84.90675431512034,33.29685551672765,-84.90795367166047,33.29586165042658,-84.90555493466161,33.297849373766475,,0.6,333,,,,
13000000715_facaf8fa-14f6-49cb-93e9-5b5a80f5bf05_r01_c02,reconstructed,13000000715,,facaf8fa-14f6-49cb-93e9-5b5a80f5bf05,,GA,,1,2,-84.90853009847352,33.29461128261579,-84.90972940312864,33.29361742775263,-84.90733076990098,33.29560512821612,,0.6,333,,,,
13000000715_facaf8fa-14f6-49cb-93e9-5b5a80f5bf05_r01_c01,reconstructed,13000000715,,facaf8fa-14f6-49cb-93e9-5b5a80f5bf05,,GA,,1,1,-84.90996853680328,33.29475102928319,-84.91116782924323,33.293757186507314,-84.90876922044562,33.29574486279595,,0.6,333,,,,
13000208007_93447ca2-c98f-4677-98de-efd89a72dbb9_r01_c02,reconstructed,13000208007,,93447ca2-c98f-4677-98de-efd89a72dbb9,,GA,,1,2,-84.78523803850203,33.40184032488079,-84.78644020852089,33.400845605401244,-84.78403584451534,33.40283503513812,,0.6,333,,,,
55003796001_bd3e83ca-ecf8-4126-a684-8d50c82aa7ba_r02_c04,reconstructed,55003796001,,bd3e83ca-ecf8-4126-a684-8d50c82aa7ba,,WI,,2,4,-89.60048918105588,44.45900646913931,-89.60183089053271,44.458050539544466,-89.59914743848009,44.459962390373214,,0.6,333,,,,
18000017001_3c2f9ef9-c518-4035-ba31-e048d16ca9c3_r03_c04,reconstructed,18000017001,,3c2f9ef9-c518-4035-ba31-e048d16ca9c3,,IN,,3,4,-86.06389753494096,39.93699831413395,-86.06519497382565,39.93601758362744,-86.0626000673581,39.93797903629752,,0.6,333,,,,
55003796001_bd3e83ca-ecf8-4126-a684-8d50c82aa7ba_r01_c02,reconstructed,55003796001,,bd3e83ca-ecf8-4126-a684-8d50c82aa7ba,,WI,,1,2,-89.60397136002565,44.45796827682816,-89.60531300597869,44.457012379940544,-89.60262968097436,44.458924165353494,,0.6,333,,,,
55003640001_a26babbe-3a97-4b1b-a57e-ab18107de88d_r01_c01,reconstructed,55003640001,,a26babbe-3a97-4b1b-a57e-ab18107de88d,,WI,,1,1,-90.63513080064763,44.926874756439034,-90.63646891077381,44.925926991614524,-90.63379265686946,44.927822512702825,,0.6,333,,,,
13000000715_facaf8fa-14f6-49cb-93e9-5b5a80f5bf05_r02_c04,reconstructed,13000000715,,facaf8fa-14f6-49cb-93e9-5b5a80f5bf05,,GA,,2,4,-84.90548454314644,33.29552373377434,-84.90668389206516,33.294529855062045,-84.90428517031009,33.29651760322451,,0.6,333,,,,
55007720002_d2ab458b-8a29-45e7-a98c-a27e80e26d44_r02_c02,reconstructed,55007720002,,d2ab458b-8a29-45e7-a98c-a27e80e26d44,,WI,,2,2,-88.7354133410964,43.17209978307639,-88.73674041028305,43.17113859987056,-88.73408624011947,43.17306095789645,,0.6,333,,,,
55004710001_3fb4650d-de49-4d91-b4d3-5c3a7be59b6b_r01_c01,reconstructed,55004710001,,3fb4650d-de49-4d91-b4d3-5c3a7be59b6b,,WI,,1,1,-88.59125889277254,43.01857055700957,-88.59258472938967,43.017608358086655,-88.58993302452143,43.019532747554635,,0.6,333,,,,
20000109001_873ee001-3e3c-45d2-8ee2-915b24fea038_r01_c02,reconstructed,20000109001,,873ee001-3e3c-45d2-8ee2-915b24fea038,,KS,,1,2,-97.28279934719734,37.37866637554065,-97.28395471367999,37.3777620726379,-97.28164400805845,37.37957066775249,,0.6,333,,,,
12000092002_7df14ceb-5ea1-4171-b383-f8d986a38bdb_r04_c01,reconstructed,12000092002,,7df14ceb-5ea1-4171-b383-f8d986a38bdb,,FL,,4,1,-80.64243233113187,28.315594519349894,-80.64359949934462,28.31455588812202,-80.64126514228654,28.31663314114853,,0.6,333,,,,
25000271001_e535fc29-65cd-47f7-9002-8f325e9b4f86_r03_c01,reconstructed,25000271001,,e535fc29-65cd-47f7-9002-8f325e9b4f86,,MA,,3,1,-70.61131165896019,41.445964903115744,-70.61279323743878,41.44486731737664,-70.6098300541388,41.4470624844657,,0.6,333,,,,
12000092002_7df14ceb-5ea1-4171-b383-f8d986a38bdb_r06_c06,reconstructed,12000092002,,7df14ceb-5ea1-4171-b383-f8d986a38bdb,,FL,,6,6,-80.63526981154718,28.317012192402387,-80.63643706263193,28.31597350869657,-80.63410253983018,28.318050866680313,,0.6,333,,,,
12000092002_7df14ceb-5ea1-4171-b383-f8d986a38bdb_r02_c05,reconstructed,12000092002,,7df14ceb-5ea1-4171-b383-f8d986a38bdb,,FL,,2,5,-80.63749183291175,28.312420700492467,-80.6386590009868,28.311382021780837,-80.63632464420637,28.31345936977503,,0.6,333,,,,
55002880001_06de6278-2bb6-47fa-b66d-d060cc47eae6_r01_c03,reconstructed,55002880001,,06de6278-2bb6-47fa-b66d-d060cc47eae6,,WI,,1,3,-90.1321266760113,44.63449509377684,-90.1334652758215,44.633543490497615,-90.1307880428816,44.635446688580046,,0.6,333,,,,
17001101001_20efd6e6-e103-4ef2-bbe2-1a38945ff335_r01_c03,reconstructed,17001101001,,20efd6e6-e103-4ef2-bbe2-1a38945ff335,,IL,,1,3,-89.92249330670657,41.674117717875184,-89.92377806432094,41.67316880010184,-89.9212085185354,41.675066626673704,,0.6,333,,,,
55003796001_bd3e83ca-ecf8-4126-a684-8d50c82aa7ba_r02_c02,reconstructed,55003796001,,bd3e83ca-ecf8-4126-a684-8d50c82aa7ba,,WI,,2,2,-89.60385782808369,44.45916828799916,-89.6051994992156,44.458212387678984,-89.60251612385237,44.46012417995735,,0.6,333,,,,
13000000715_facaf8fa-14f6-49cb-93e9-5b5a80f5bf05_r10_c09,reconstructed,13000000715,,facaf8fa-14f6-49cb-93e9-5b5a80f5bf05,,GA,,10,9,-84.8969417770558,33.304360370846226,-84.89814134575269,33.30336643428254,-84.89574218443691,33.30535429815079,,0.6,333,,,,
12000001028_07b9c210-c96e-4948-bbff-f0f413947280_r01_c02,reconstructed,12000001028,,07b9c210-c96e-4948-bbff-f0f413947280,,FL,,1,2,-80.30333223819186,26.059213543548825,-80.30447207859025,26.058165515503124,-80.30219237826346,26.060261561782987,,0.6,333,,,,
55003130001_4ed20767-e596-4058-b927-ef5ec1ebefbe_r01_c01,reconstructed,55003130001,,4ed20767-e596-4058-b927-ef5ec1ebefbe,,WI,,1,1,-91.67988012820413,44.55968589761027,-91.68119782945892,44.55874826604078,-91.67856239358674,44.56062352024579,,0.6,333,,,,
12000001028_07b9c210-c96e-4948-bbff-f0f413947280_r01_c03,reconstructed,12000001028,,07b9c210-c96e-4948-bbff-f0f413947280,,FL,,1,3,-80.30202306687333,26.059012890631774,-80.30316291586975,26.057964851623463,-80.30088319834718,26.06006091982866,,0.6,333,,,,
12000099007_7f77e6e0-ef02-4db8-bdf4-f7b6daa26fd4_r02_c01,reconstructed,12000099007,,7f77e6e0-ef02-4db8-bdf4-f7b6daa26fd4,,FL,,2,1,-80.70623246583301,28.422734669895338,-80.70740054995231,28.421696830412333,-80.70506436101947,28.423772499959686,,0.6,333,,,,
12000092002_7df14ceb-5ea1-4171-b383-f8d986a38bdb_r04_c03,reconstructed,12000092002,,7df14ceb-5ea1-4171-b383-f8d986a38bdb,,FL,,4,3,-80.63974276951024,28.31520431294295,-80.64090995610925,28.314165659501207,-80.63857556227921,28.316242956955755,,0.6,333,,,,
12000222001_e4858352-0b91-4b2d-a552-6aeb6ade98fa_r03_c02,reconstructed,12000222001,,e4858352-0b91-4b2d-a552-6aeb6ade98fa,,FL,,3,2,-81.14007757839963,29.473111182911364,-81.14125649219524,29.47207945724592,-81.13889864332067,29.474142899287497,,0.6,333,,,,
17000270001_693d084c-1fdf-4d4d-9bf5-b4e8fb5154b8_r02_c02,reconstructed,17000270001,,693d084c-1fdf-4d4d-9bf5-b4e8fb5154b8,,IL,,2,2,-90.13090711991097,38.87453690295129,-90.13214016512524,38.873591348234775,-90.12967404642558,38.875482448197076,,0.6,333,,,,
55003620001_39b6459f-0dae-442e-bf38-7c2685c27358_r01_c03,reconstructed,55003620001,,39b6459f-0dae-442e-bf38-7c2685c27358,,WI,,1,3,-88.55799759065222,44.01894821517983,-88.55934332739804,44.01798404521159,-88.5566518213387,44.01991237698651,,0.6,333,,,,
12000092002_7df14ceb-5ea1-4171-b383-f8d986a38bdb_r01_c03,reconstructed,12000092002,,7df14ceb-5ea1-4171-b383-f8d986a38bdb,,FL,,1,3,-80.64040054936785,28.311614286878964,-80.64156768060681,28.3105756288513,-80.63923339749853,28.312652935476986,,0.6,333,,,,
17000286001_edd091b7-b294-4988-b21f-81c5674e34fe_r02_c01,reconstructed,17000286001,,edd091b7-b294-4988-b21f-81c5674e34fe,,IL,,2,1,-90.03724364023539,38.80230285679766,-90.03847653654348,38.80135648653069,-90.0360107157191,38.80324921760482,,0.6,333,,,,
55003796001_bd3e83ca-ecf8-4126-a684-8d50c82aa7ba_r01_c01,reconstructed,55003796001,,bd3e83ca-ecf8-4126-a684-8d50c82aa7ba,,WI,,1,1,-89.60565565986052,44.458049152736734,-89.60699728664028,44.45709327048684,-89.60431399998227,44.459005026623906,,0.6,333,,,,
55004750001_7e2b1db5-59ec-4a28-894d-52a1be7d9438_r01_c01,reconstructed,55004750001,,7e2b1db5-59ec-4a28-894d-52a1be7d9438,,WI,,1,1,-88.3787029218744,44.9957928026886,-88.38007042529749,44.99482505585919,-88.37733538494983,44.99676054162542,,0.6,333,,,,
12000092002_7df14ceb-5ea1-4171-b383-f8d986a38bdb_r03_c03,reconstructed,12000092002,,7df14ceb-5ea1-4171-b383-f8d986a38bdb,,FL,,3,3,-80.63996203566799,28.314007641786333,-80.64112920381311,28.312968986816298,-80.63879484689144,28.315046287327142,,0.6,333,,,,
17000639001_35b8ae17-8939-4e69-9176-da12504a4cdb_r01_c01,reconstructed,17000639001,,35b8ae17-8939-4e69-9176-da12504a4cdb,,IL,,1,1,-88.28600464392754,42.01319404624763,-88.28731499999998,42.012230531613945,-88.28469425715589,42.014157552386955,,0.6,333,,,,
