tile_id,label_file,boxes,classes,found_at,in_metadata
08000000031_4ba7bbc2-48bb-4dbe-a6e4-85bbb7530e62_r01_c01,08000000031_4ba7bbc2-48bb-4dbe-a6e4-85bbb7530e62_r01_c01_rgb.txt,0,,C:\Users\AMURRA02\tp_qa\detection\data\tiles\rgb\_duplicates\08000000031_4ba7bbc2-48bb-4dbe-a6e4-85bbb7530e62_r01_c01_rgb.png,
08000000031_4ba7bbc2-48bb-4dbe-a6e4-85bbb7530e62_r01_c02,08000000031_4ba7bbc2-48bb-4dbe-a6e4-85bbb7530e62_r01_c02_rgb.txt,0,,C:\Users\AMURRA02\tp_qa\detection\data\tiles\rgb\_duplicates\08000000031_4ba7bbc2-48bb-4dbe-a6e4-85bbb7530e62_r01_c02_rgb.png,
08000000031_4ba7bbc2-48bb-4dbe-a6e4-85bbb7530e62_r01_c03,08000000031_4ba7bbc2-48bb-4dbe-a6e4-85bbb7530e62_r01_c03_rgb.txt,0,,C:\Users\AMURRA02\tp_qa\detection\data\tiles\rgb\_duplicates\08000000031_4ba7bbc2-48bb-4dbe-a6e4-85bbb7530e62_r01_c03_rgb.png,
08000000031_4ba7bbc2-48bb-4dbe-a6e4-85bbb7530e62_r02_c01,08000000031_4ba7bbc2-48bb-4dbe-a6e4-85bbb7530e62_r02_c01_rgb.txt,0,,C:\Users\AMURRA02\tp_qa\detection\data\tiles\rgb\_duplicates\08000000031_4ba7bbc2-48bb-4dbe-a6e4-85bbb7530e62_r02_c01_rgb.png,
08000000031_4ba7bbc2-48bb-4dbe-a6e4-85bbb7530e62_r02_c02,08000000031_4ba7bbc2-48bb-4dbe-a6e4-85bbb7530e62_r02_c02_rgb.txt,0,,C:\Users\AMURRA02\tp_qa\detection\data\tiles\rgb\_duplicates\08000000031_4ba7bbc2-48bb-4dbe-a6e4-85bbb7530e62_r02_c02_rgb.png,
08000000031_4ba7bbc2-48bb-4dbe-a6e4-85bbb7530e62_r02_c03,08000000031_4ba7bbc2-48bb-4dbe-a6e4-85bbb7530e62_r02_c03_rgb.txt,0,,C:\Users\AMURRA02\tp_qa\detection\data\tiles\rgb\_duplicates\08000000031_4ba7bbc2-48bb-4dbe-a6e4-85bbb7530e62_r02_c03_rgb.png,
08000000031_4ba7bbc2-48bb-4dbe-a6e4-85bbb7530e62_r03_c01,08000000031_4ba7bbc2-48bb-4dbe-a6e4-85bbb7530e62_r03_c01_rgb.txt,0,,C:\Users\AMURRA02\tp_qa\detection\data\tiles\rgb\_duplicates\08000000031_4ba7bbc2-48bb-4dbe-a6e4-85bbb7530e62_r03_c01_rgb.png,
08000000031_4ba7bbc2-48bb-4dbe-a6e4-85bbb7530e62_r03_c02,08000000031_4ba7bbc2-48bb-4dbe-a6e4-85bbb7530e62_r03_c02_rgb.txt,0,,C:\Users\AMURRA02\tp_qa\detection\data\tiles\rgb\_duplicates\08000000031_4ba7bbc2-48bb-4dbe-a6e4-85bbb7530e62_r03_c02_rgb.png,
08000000031_4ba7bbc2-48bb-4dbe-a6e4-85bbb7530e62_r03_c03,08000000031_4ba7bbc2-48bb-4dbe-a6e4-85bbb7530e62_r03_c03_rgb.txt,0,,C:\Users\AMURRA02\tp_qa\detection\data\tiles\rgb\_duplicates\08000000031_4ba7bbc2-48bb-4dbe-a6e4-85bbb7530e62_r03_c03_rgb.png,
08000000031_a947a353-b5a9-46ae-8ff0-2751ecb046b4_r01_c01,08000000031_a947a353-b5a9-46ae-8ff0-2751ecb046b4_r01_c01_rgb.txt,0,,C:\Users\AMURRA02\tp_qa\detection\data\tiles\rgb\_duplicates\08000000031_a947a353-b5a9-46ae-8ff0-2751ecb046b4_r01_c01_rgb.png,
08000000031_a947a353-b5a9-46ae-8ff0-2751ecb046b4_r01_c02,08000000031_a947a353-b5a9-46ae-8ff0-2751ecb046b4_r01_c02_rgb.txt,0,,C:\Users\AMURRA02\tp_qa\detection\data\tiles\rgb\_duplicates\08000000031_a947a353-b5a9-46ae-8ff0-2751ecb046b4_r01_c02_rgb.png,
08000000031_a947a353-b5a9-46ae-8ff0-2751ecb046b4_r01_c03,08000000031_a947a353-b5a9-46ae-8ff0-2751ecb046b4_r01_c03_rgb.txt,0,,C:\Users\AMURRA02\tp_qa\detection\data\tiles\rgb\_duplicates\08000000031_a947a353-b5a9-46ae-8ff0-2751ecb046b4_r01_c03_rgb.png,
08000000031_a947a353-b5a9-46ae-8ff0-2751ecb046b4_r02_c01,08000000031_a947a353-b5a9-46ae-8ff0-2751ecb046b4_r02_c01_rgb.txt,0,,C:\Users\AMURRA02\tp_qa\detection\data\tiles\rgb\_duplicates\08000000031_a947a353-b5a9-46ae-8ff0-2751ecb046b4_r02_c01_rgb.png,
08000000031_a947a353-b5a9-46ae-8ff0-2751ecb046b4_r02_c02,08000000031_a947a353-b5a9-46ae-8ff0-2751ecb046b4_r02_c02_rgb.txt,0,,C:\Users\AMURRA02\tp_qa\detection\data\tiles\rgb\_duplicates\08000000031_a947a353-b5a9-46ae-8ff0-2751ecb046b4_r02_c02_rgb.png,
08000000031_a947a353-b5a9-46ae-8ff0-2751ecb046b4_r02_c03,08000000031_a947a353-b5a9-46ae-8ff0-2751ecb046b4_r02_c03_rgb.txt,0,,C:\Users\AMURRA02\tp_qa\detection\data\tiles\rgb\_duplicates\08000000031_a947a353-b5a9-46ae-8ff0-2751ecb046b4_r02_c03_rgb.png,
08000000031_a947a353-b5a9-46ae-8ff0-2751ecb046b4_r03_c01,08000000031_a947a353-b5a9-46ae-8ff0-2751ecb046b4_r03_c01_rgb.txt,0,,C:\Users\AMURRA02\tp_qa\detection\data\tiles\rgb\_duplicates\08000000031_a947a353-b5a9-46ae-8ff0-2751ecb046b4_r03_c01_rgb.png,
08000000031_a947a353-b5a9-46ae-8ff0-2751ecb046b4_r03_c02,08000000031_a947a353-b5a9-46ae-8ff0-2751ecb046b4_r03_c02_rgb.txt,0,,C:\Users\AMURRA02\tp_qa\detection\data\tiles\rgb\_duplicates\08000000031_a947a353-b5a9-46ae-8ff0-2751ecb046b4_r03_c02_rgb.png,
08000000031_a947a353-b5a9-46ae-8ff0-2751ecb046b4_r03_c03,08000000031_a947a353-b5a9-46ae-8ff0-2751ecb046b4_r03_c03_rgb.txt,0,,C:\Users\AMURRA02\tp_qa\detection\data\tiles\rgb\_duplicates\08000000031_a947a353-b5a9-46ae-8ff0-2751ecb046b4_r03_c03_rgb.png,
08000000031_c4ae7f6a-54a5-4635-8643-fa2db8c6667e_r01_c01,08000000031_c4ae7f6a-54a5-4635-8643-fa2db8c6667e_r01_c01_rgb.txt,0,,C:\Users\AMURRA02\tp_qa\detection\data\tiles\rgb\_duplicates\08000000031_c4ae7f6a-54a5-4635-8643-fa2db8c6667e_r01_c01_rgb.png,
08000000031_c4ae7f6a-54a5-4635-8643-fa2db8c6667e_r01_c02,08000000031_c4ae7f6a-54a5-4635-8643-fa2db8c6667e_r01_c02_rgb.txt,0,,C:\Users\AMURRA02\tp_qa\detection\data\tiles\rgb\_duplicates\08000000031_c4ae7f6a-54a5-4635-8643-fa2db8c6667e_r01_c02_rgb.png,
08000000031_c4ae7f6a-54a5-4635-8643-fa2db8c6667e_r01_c03,08000000031_c4ae7f6a-54a5-4635-8643-fa2db8c6667e_r01_c03_rgb.txt,0,,C:\Users\AMURRA02\tp_qa\detection\data\tiles\rgb\_duplicates\08000000031_c4ae7f6a-54a5-4635-8643-fa2db8c6667e_r01_c03_rgb.png,
08000000031_c4ae7f6a-54a5-4635-8643-fa2db8c6667e_r02_c01,08000000031_c4ae7f6a-54a5-4635-8643-fa2db8c6667e_r02_c01_rgb.txt,0,,C:\Users\AMURRA02\tp_qa\detection\data\tiles\rgb\_duplicates\08000000031_c4ae7f6a-54a5-4635-8643-fa2db8c6667e_r02_c01_rgb.png,
08000000031_c4ae7f6a-54a5-4635-8643-fa2db8c6667e_r02_c02,08000000031_c4ae7f6a-54a5-4635-8643-fa2db8c6667e_r02_c02_rgb.txt,0,,C:\Users\AMURRA02\tp_qa\detection\data\tiles\rgb\_duplicates\08000000031_c4ae7f6a-54a5-4635-8643-fa2db8c6667e_r02_c02_rgb.png,
08000000031_c4ae7f6a-54a5-4635-8643-fa2db8c6667e_r02_c03,08000000031_c4ae7f6a-54a5-4635-8643-fa2db8c6667e_r02_c03_rgb.txt,0,,C:\Users\AMURRA02\tp_qa\detection\data\tiles\rgb\_duplicates\08000000031_c4ae7f6a-54a5-4635-8643-fa2db8c6667e_r02_c03_rgb.png,
08000000031_c4ae7f6a-54a5-4635-8643-fa2db8c6667e_r03_c01,08000000031_c4ae7f6a-54a5-4635-8643-fa2db8c6667e_r03_c01_rgb.txt,0,,C:\Users\AMURRA02\tp_qa\detection\data\tiles\rgb\_duplicates\08000000031_c4ae7f6a-54a5-4635-8643-fa2db8c6667e_r03_c01_rgb.png,
08000000031_c4ae7f6a-54a5-4635-8643-fa2db8c6667e_r03_c02,08000000031_c4ae7f6a-54a5-4635-8643-fa2db8c6667e_r03_c02_rgb.txt,0,,C:\Users\AMURRA02\tp_qa\detection\data\tiles\rgb\_duplicates\08000000031_c4ae7f6a-54a5-4635-8643-fa2db8c6667e_r03_c02_rgb.png,
08000000031_c4ae7f6a-54a5-4635-8643-fa2db8c6667e_r03_c03,08000000031_c4ae7f6a-54a5-4635-8643-fa2db8c6667e_r03_c03_rgb.txt,0,,C:\Users\AMURRA02\tp_qa\detection\data\tiles\rgb\_duplicates\08000000031_c4ae7f6a-54a5-4635-8643-fa2db8c6667e_r03_c03_rgb.png,
08000099001_6996b157-48c3-429f-8750-9cd4040c267a_r02_c02,08000099001_6996b157-48c3-429f-8750-9cd4040c267a_r02_c02_rgb.txt,0,,C:\Users\AMURRA02\tp_qa\detection\data\tiles\rgb\_duplicates\08000099001_6996b157-48c3-429f-8750-9cd4040c267a_r02_c02_rgb.png,
09001130001_f32f35a2-5be1-4167-98fd-ba91f772ac95_r01_c01,09001130001_f32f35a2-5be1-4167-98fd-ba91f772ac95_r01_c01_rgb.txt,0,,C:\Users\AMURRA02\tp_qa\detection\data\tiles\rgb\_duplicates\09001130001_f32f35a2-5be1-4167-98fd-ba91f772ac95_r01_c01_rgb.png,
09001130001_f32f35a2-5be1-4167-98fd-ba91f772ac95_r01_c02,09001130001_f32f35a2-5be1-4167-98fd-ba91f772ac95_r01_c02_rgb.txt,0,,C:\Users\AMURRA02\tp_qa\detection\data\tiles\rgb\_duplicates\09001130001_f32f35a2-5be1-4167-98fd-ba91f772ac95_r01_c02_rgb.png,
09001130001_f32f35a2-5be1-4167-98fd-ba91f772ac95_r01_c03,09001130001_f32f35a2-5be1-4167-98fd-ba91f772ac95_r01_c03_rgb.txt,0,,C:\Users\AMURRA02\tp_qa\detection\data\tiles\rgb\_duplicates\09001130001_f32f35a2-5be1-4167-98fd-ba91f772ac95_r01_c03_rgb.png,
09001130001_f32f35a2-5be1-4167-98fd-ba91f772ac95_r02_c01,09001130001_f32f35a2-5be1-4167-98fd-ba91f772ac95_r02_c01_rgb.txt,0,,C:\Users\AMURRA02\tp_qa\detection\data\tiles\rgb\_duplicates\09001130001_f32f35a2-5be1-4167-98fd-ba91f772ac95_r02_c01_rgb.png,
09001130001_f32f35a2-5be1-4167-98fd-ba91f772ac95_r02_c03,09001130001_f32f35a2-5be1-4167-98fd-ba91f772ac95_r02_c03_rgb.txt,0,,C:\Users\AMURRA02\tp_qa\detection\data\tiles\rgb\_duplicates\09001130001_f32f35a2-5be1-4167-98fd-ba91f772ac95_r02_c03_rgb.png,
09001130001_f32f35a2-5be1-4167-98fd-ba91f772ac95_r03_c01,09001130001_f32f35a2-5be1-4167-98fd-ba91f772ac95_r03_c01_rgb.txt,0,,C:\Users\AMURRA02\tp_qa\detection\data\tiles\rgb\_duplicates\09001130001_f32f35a2-5be1-4167-98fd-ba91f772ac95_r03_c01_rgb.png,
09001130001_f32f35a2-5be1-4167-98fd-ba91f772ac95_r03_c03,09001130001_f32f35a2-5be1-4167-98fd-ba91f772ac95_r03_c03_rgb.txt,0,,C:\Users\AMURRA02\tp_qa\detection\data\tiles\rgb\_duplicates\09001130001_f32f35a2-5be1-4167-98fd-ba91f772ac95_r03_c03_rgb.png,
